{
	"credit": "Made with Blockbench",
	"parent": "block/block",
	"textures": {
		"3": "block/enchanting_table_bottom",
		"4": "block/enchanting_table_top",
		"5": "block/enchanting_table_side",
		"9": "block/magma",
		"particle": "block/magma"
	},
	"elements": [
		{
			"from": [0, 10, 0],
			"to": [16, 12, 16],
			"faces": {
				"north": {"uv": [0, 4, 16, 6], "texture": "#5"},
				"east": {"uv": [0, 4, 16, 6], "texture": "#5"},
				"south": {"uv": [0, 4, 16, 6], "texture": "#5"},
				"west": {"uv": [0, 4, 16, 6], "texture": "#5"},
				"up": {"uv": [0, 0, 16, 16], "texture": "#4"},
				"down": {"uv": [0, 0, 16, 16], "texture": "#3"}
			}
		},
		{
			"from": [3, 5, 3],
			"to": [13, 10, 13],
			"light_emission": 5,
			"rotation": {"angle": 0, "axis": "y", "origin": [0, -2, 0]},
			"faces": {
				"north": {"uv": [0, 2, 16, 7], "texture": "#3"},
				"east": {"uv": [0, 2, 16, 7], "texture": "#3"},
				"south": {"uv": [0, 2, 16, 7], "texture": "#3"},
				"west": {"uv": [0, 2, 16, 7], "texture": "#3"},
				"down": {"uv": [3, 3, 13, 13], "texture": "#3"}
			}
		},
		{
			"from": [15.999, 9, 0],
			"to": [15.999, 10, 4],
			"rotation": {"angle": 0, "axis": "y", "origin": [16, -2, 0]},
			"faces": {
				"east": {"uv": [4, 6, 0, 7], "texture": "#5"},
				"west": {"uv": [0, 6, 4, 7], "texture": "#5"}
			}
		},
		{
			"from": [15.999, 9, 12],
			"to": [15.999, 10, 16],
			"rotation": {"angle": 0, "axis": "y", "origin": [16, -2, 12]},
			"faces": {
				"east": {"uv": [16, 6, 12, 7], "texture": "#5"},
				"west": {"uv": [12, 6, 16, 7], "texture": "#5"}
			}
		},
		{
			"from": [15.999, 9, 5],
			"to": [15.999, 10, 11],
			"rotation": {"angle": 0, "axis": "y", "origin": [16, -2, 7]},
			"faces": {
				"east": {"uv": [11, 6, 5, 7], "texture": "#5"},
				"west": {"uv": [5, 6, 11, 7], "texture": "#5"}
			}
		},
		{
			"from": [15.999, 8, 6],
			"to": [15.999, 9, 10],
			"rotation": {"angle": 0, "axis": "y", "origin": [16, -3, 7]},
			"faces": {
				"east": {"uv": [10, 7, 6, 8], "texture": "#5"},
				"west": {"uv": [6, 7, 10, 8], "texture": "#5"}
			}
		},
		{
			"from": [15.999, 7, 7],
			"to": [15.999, 8, 9],
			"rotation": {"angle": 0, "axis": "y", "origin": [16, -4, 7]},
			"faces": {
				"east": {"uv": [9, 8, 7, 9], "texture": "#5"},
				"west": {"uv": [7, 8, 9, 9], "texture": "#5"}
			}
		},
		{
			"from": [15.999, 8, 0],
			"to": [15.999, 9, 3],
			"rotation": {"angle": 0, "axis": "y", "origin": [16, -3, 0]},
			"faces": {
				"east": {"uv": [3, 7, 0, 8], "texture": "#5"},
				"west": {"uv": [0, 7, 3, 8], "texture": "#5"}
			}
		},
		{
			"from": [15.999, 8, 13],
			"to": [15.999, 9, 16],
			"rotation": {"angle": 0, "axis": "y", "origin": [16, -3, 12]},
			"faces": {
				"east": {"uv": [16, 7, 13, 8], "texture": "#5"},
				"west": {"uv": [13, 7, 16, 8], "texture": "#5"}
			}
		},
		{
			"from": [0.001, 9, 5],
			"to": [0.001, 10, 11],
			"rotation": {"angle": 0, "axis": "y", "origin": [0, -2, 7]},
			"faces": {
				"east": {"uv": [11, 6, 5, 7], "texture": "#5"},
				"west": {"uv": [5, 6, 11, 7], "texture": "#5"}
			}
		},
		{
			"from": [0.001, 8, 6],
			"to": [0.001, 9, 10],
			"rotation": {"angle": 0, "axis": "y", "origin": [0, -3, 7]},
			"faces": {
				"east": {"uv": [10, 7, 6, 8], "texture": "#5"},
				"west": {"uv": [6, 7, 10, 8], "texture": "#5"}
			}
		},
		{
			"from": [0.001, 7, 7],
			"to": [0.001, 8, 9],
			"rotation": {"angle": 0, "axis": "y", "origin": [0, -4, 7]},
			"faces": {
				"east": {"uv": [9, 8, 7, 9], "texture": "#5"},
				"west": {"uv": [7, 8, 9, 9], "texture": "#5"}
			}
		},
		{
			"from": [0.001, 9, 12],
			"to": [0.001, 10, 16],
			"rotation": {"angle": 0, "axis": "y", "origin": [0, -2, 12]},
			"faces": {
				"east": {"uv": [16, 6, 12, 7], "texture": "#5"},
				"west": {"uv": [12, 6, 16, 7], "texture": "#5"}
			}
		},
		{
			"from": [0.001, 8, 13],
			"to": [0.001, 9, 16],
			"rotation": {"angle": 0, "axis": "y", "origin": [0, -3, 12]},
			"faces": {
				"east": {"uv": [16, 7, 13, 8], "texture": "#5"},
				"west": {"uv": [13, 7, 16, 8], "texture": "#5"}
			}
		},
		{
			"from": [0.001, 9, 0],
			"to": [0.001, 10, 4],
			"rotation": {"angle": 0, "axis": "y", "origin": [0, -2, 0]},
			"faces": {
				"east": {"uv": [4, 6, 0, 7], "texture": "#5"},
				"west": {"uv": [0, 6, 4, 7], "texture": "#5"}
			}
		},
		{
			"from": [0.001, 8, 0],
			"to": [0.001, 9, 3],
			"rotation": {"angle": 0, "axis": "y", "origin": [0, -3, 0]},
			"faces": {
				"east": {"uv": [3, 7, 0, 8], "texture": "#5"},
				"west": {"uv": [0, 7, 3, 8], "texture": "#5"}
			}
		},
		{
			"from": [0, 9, 0.001],
			"to": [4, 10, 0.001],
			"rotation": {"angle": 0, "axis": "y", "origin": [0, -2, 0]},
			"faces": {
				"north": {"uv": [12, 6, 16, 7], "texture": "#5"},
				"south": {"uv": [16, 6, 12, 7], "texture": "#5"}
			}
		},
		{
			"from": [5, 9, 0.001],
			"to": [11, 10, 0.001],
			"rotation": {"angle": 0, "axis": "y", "origin": [7, -2, 0]},
			"faces": {
				"north": {"uv": [5, 6, 11, 7], "texture": "#5"},
				"south": {"uv": [11, 6, 5, 7], "texture": "#5"}
			}
		},
		{
			"from": [12, 9, 0.001],
			"to": [16, 10, 0.001],
			"rotation": {"angle": 0, "axis": "y", "origin": [12, -2, 0]},
			"faces": {
				"north": {"uv": [0, 6, 4, 7], "texture": "#5"},
				"south": {"uv": [4, 6, 0, 7], "texture": "#5"}
			}
		},
		{
			"from": [6, 8, 0.001],
			"to": [10, 9, 0.001],
			"rotation": {"angle": 0, "axis": "y", "origin": [7, -3, 0]},
			"faces": {
				"north": {"uv": [6, 7, 10, 8], "texture": "#5"},
				"south": {"uv": [10, 7, 6, 8], "texture": "#5"}
			}
		},
		{
			"from": [7, 7, 0.001],
			"to": [9, 8, 0.001],
			"rotation": {"angle": 0, "axis": "y", "origin": [7, -4, 0]},
			"faces": {
				"north": {"uv": [7, 8, 9, 9], "texture": "#5"},
				"south": {"uv": [9, 8, 7, 9], "texture": "#5"}
			}
		},
		{
			"from": [13, 8, 0.001],
			"to": [16, 9, 0.001],
			"rotation": {"angle": 0, "axis": "y", "origin": [12, -3, 0]},
			"faces": {
				"north": {"uv": [0, 7, 3, 8], "texture": "#5"},
				"south": {"uv": [3, 7, 0, 8], "texture": "#5"}
			}
		},
		{
			"from": [0, 8, 0.001],
			"to": [3, 9, 0.001],
			"rotation": {"angle": 0, "axis": "y", "origin": [0, -3, 0]},
			"faces": {
				"north": {"uv": [13, 7, 16, 8], "texture": "#5"},
				"south": {"uv": [16, 7, 13, 8], "texture": "#5"}
			}
		},
		{
			"from": [12, 9, 15.999],
			"to": [16, 10, 15.999],
			"rotation": {"angle": 0, "axis": "y", "origin": [12, -2, 16]},
			"faces": {
				"north": {"uv": [0, 6, 4, 7], "texture": "#5"},
				"south": {"uv": [4, 6, 0, 7], "texture": "#5"}
			}
		},
		{
			"from": [13, 8, 15.999],
			"to": [16, 9, 15.999],
			"rotation": {"angle": 0, "axis": "y", "origin": [12, -3, 16]},
			"faces": {
				"north": {"uv": [0, 7, 3, 8], "texture": "#5"},
				"south": {"uv": [3, 7, 0, 8], "texture": "#5"}
			}
		},
		{
			"from": [5, 9, 15.999],
			"to": [11, 10, 15.999],
			"rotation": {"angle": 0, "axis": "y", "origin": [7, -2, 16]},
			"faces": {
				"north": {"uv": [5, 6, 11, 7], "texture": "#5"},
				"south": {"uv": [11, 6, 5, 7], "texture": "#5"}
			}
		},
		{
			"from": [6, 8, 15.999],
			"to": [10, 9, 15.999],
			"rotation": {"angle": 0, "axis": "y", "origin": [7, -3, 16]},
			"faces": {
				"north": {"uv": [6, 7, 10, 8], "texture": "#5"},
				"south": {"uv": [10, 7, 6, 8], "texture": "#5"}
			}
		},
		{
			"from": [7, 7, 15.999],
			"to": [9, 8, 15.999],
			"rotation": {"angle": 0, "axis": "y", "origin": [7, -4, 16]},
			"faces": {
				"north": {"uv": [7, 8, 9, 9], "texture": "#5"},
				"south": {"uv": [9, 8, 7, 9], "texture": "#5"}
			}
		},
		{
			"from": [0, 9, 15.999],
			"to": [4, 10, 15.999],
			"rotation": {"angle": 0, "axis": "y", "origin": [0, -2, 16]},
			"faces": {
				"north": {"uv": [12, 6, 16, 7], "texture": "#5"},
				"south": {"uv": [16, 6, 12, 7], "texture": "#5"}
			}
		},
		{
			"from": [0, 8, 15.999],
			"to": [3, 9, 15.999],
			"rotation": {"angle": 0, "axis": "y", "origin": [0, -3, 16]},
			"faces": {
				"north": {"uv": [13, 7, 16, 8], "texture": "#5"},
				"south": {"uv": [16, 7, 13, 8], "texture": "#5"}
			}
		},
		{
			"from": [4, 0, 4],
			"to": [12, 5, 12],
			"light_emission": 10,
			"rotation": {"angle": 0, "axis": "y", "origin": [0, -7, 0]},
			"faces": {
				"north": {"uv": [4, 11, 12, 16], "texture": "#3"},
				"east": {"uv": [4, 11, 12, 16], "texture": "#3"},
				"south": {"uv": [4, 11, 12, 16], "texture": "#3"},
				"west": {"uv": [4, 11, 12, 16], "texture": "#3"},
				"down": {"uv": [4, 4, 12, 12], "texture": "#3"}
			}
		},
		{
			"from": [3.99, -0.01, 3.99],
			"to": [12.01, 2.01, 12.01],
			"light_emission": 10,
			"rotation": {"angle": 0, "axis": "y", "origin": [0, -7, 0]},
			"faces": {
				"north": {"uv": [4, 14, 12, 16], "texture": "#9"},
				"east": {"uv": [4, 14, 12, 16], "texture": "#9"},
				"south": {"uv": [4, 14, 12, 16], "texture": "#9"},
				"west": {"uv": [4, 14, 12, 16], "texture": "#9"},
				"down": {"uv": [4, 4, 12, 12], "texture": "#9"}
			}
		},
		{
			"from": [7.99, 1.99, 11.99],
			"to": [12.01, 3.01, 12.01],
			"light_emission": 10,
			"rotation": {"angle": 0, "axis": "y", "origin": [0, -5, 0]},
			"faces": {
				"north": {"uv": [8, 13, 12, 14], "texture": "#9"},
				"south": {"uv": [8, 13, 12, 14], "texture": "#9"}
			}
		},
		{
			"from": [11.99, 1.99, 3.99],
			"to": [12.01, 3.01, 8.01],
			"light_emission": 10,
			"rotation": {"angle": 0, "axis": "y", "origin": [0, -7, 0]},
			"faces": {
				"east": {"uv": [8, 13, 12, 14], "texture": "#9"},
				"west": {"uv": [8, 13, 12, 14], "texture": "#9"}
			}
		},
		{
			"from": [3.99, 1.99, 3.99],
			"to": [8.01, 3.01, 4.01],
			"light_emission": 10,
			"rotation": {"angle": 0, "axis": "y", "origin": [-4, -5, -8]},
			"faces": {
				"north": {"uv": [8, 13, 12, 14], "texture": "#9"},
				"south": {"uv": [8, 13, 12, 14], "texture": "#9"}
			}
		},
		{
			"from": [3.99, 1.99, 7.99],
			"to": [4.01, 3.01, 12.01],
			"light_emission": 10,
			"rotation": {"angle": 0, "axis": "y", "origin": [-8, -7, 4]},
			"faces": {
				"east": {"uv": [8, 13, 12, 14], "texture": "#9"},
				"west": {"uv": [8, 13, 12, 14], "texture": "#9"}
			}
		}
	],
	"groups": [
		{
			"name": "table",
			"origin": [0, -3, 16],
			"color": 0,
			"children": [0, 1, 2, 3, 4, 5, 6, 7, 8, 9, 10, 11, 12, 13, 14, 15, 16, 17, 18, 19, 20, 21, 22, 23, 24, 25, 26, 27, 28, 29]
		},
		30,
		31,
		32,
		33,
		34,
		35
	]
}