{
	"format_version": "1.21.6",
	"credit": "Made with Blockbench",
	"parent": "block/block",
	"textures": {
		"10": "block/pentagram",
		"particle": "block/magma"
	},
	"elements": [
		{
			"name": "extrusion_pentagram_0",
			"from": [2, 0.01, -16],
			"to": [5, 0.01, -13],
			"light_emission": 15,
			"rotation": {"angle": 0, "axis": "y", "origin": [8, 0.5, 8]},
			"faces": {
				"up": {"uv": [3, 0, 3.5, 0.5], "texture": "#10"},
				"down": {"uv": [3, 0.5, 3.5, 0], "texture": "#10"}
			}
		},
		{
			"name": "extrusion_pentagram_1",
			"from": [5, 0.01, -16],
			"to": [14, 0.01, -15],
			"light_emission": 15,
			"rotation": {"angle": 0, "axis": "y", "origin": [8, 0.5, 8]},
			"faces": {
				"up": {"uv": [3.5, 0, 5, 0.16667], "texture": "#10"},
				"down": {"uv": [3.5, 0.16667, 5, 0], "texture": "#10"}
			}
		},
		{
			"name": "extrusion_pentagram_2",
			"from": [-1, 0.01, -15],
			"to": [2, 0.01, -12],
			"light_emission": 15,
			"rotation": {"angle": 0, "axis": "y", "origin": [8, 0.5, 8]},
			"faces": {
				"up": {"uv": [2.5, 0.16667, 3, 0.66667], "texture": "#10"},
				"down": {"uv": [2.5, 0.66667, 3, 0.16667], "texture": "#10"}
			}
		},
		{
			"name": "extrusion_pentagram_3",
			"from": [5, 0.01, -15],
			"to": [6, 0.01, -14],
			"light_emission": 15,
			"rotation": {"angle": 0, "axis": "y", "origin": [8, 0.5, 8]},
			"faces": {
				"up": {"uv": [3.5, 0.16667, 3.66667, 0.33333], "texture": "#10"},
				"down": {"uv": [3.5, 0.33333, 3.66667, 0.16667], "texture": "#10"}
			}
		},
		{
			"name": "extrusion_pentagram_4",
			"from": [7, 0.01, -15],
			"to": [9, 0.01, -4],
			"light_emission": 15,
			"rotation": {"angle": 0, "axis": "y", "origin": [8, 0.5, 8]},
			"faces": {
				"up": {"uv": [3.83333, 0.16667, 4.16667, 2], "texture": "#10"},
				"down": {"uv": [3.83333, 2, 4.16667, 0.16667], "texture": "#10"}
			}
		},
		{
			"name": "extrusion_pentagram_5",
			"from": [10, 0.01, -15],
			"to": [17, 0.01, -14],
			"light_emission": 15,
			"rotation": {"angle": 0, "axis": "y", "origin": [8, 0.5, 8]},
			"faces": {
				"up": {"uv": [4.33333, 0.16667, 5.5, 0.33333], "texture": "#10"},
				"down": {"uv": [4.33333, 0.33333, 5.5, 0.16667], "texture": "#10"}
			}
		},
		{
			"name": "extrusion_pentagram_6",
			"from": [-3, 0.01, -14],
			"to": [-1, 0.01, -11],
			"light_emission": 15,
			"rotation": {"angle": 0, "axis": "y", "origin": [8, 0.5, 8]},
			"faces": {
				"up": {"uv": [2.16667, 0.33333, 2.5, 0.83333], "texture": "#10"},
				"down": {"uv": [2.16667, 0.83333, 2.5, 0.33333], "texture": "#10"}
			}
		},
		{
			"name": "extrusion_pentagram_7",
			"from": [11, 0.01, -14],
			"to": [19, 0.01, -13],
			"light_emission": 15,
			"rotation": {"angle": 0, "axis": "y", "origin": [8, 0.5, 8]},
			"faces": {
				"up": {"uv": [4.5, 0.33333, 5.83333, 0.5], "texture": "#10"},
				"down": {"uv": [4.5, 0.5, 5.83333, 0.33333], "texture": "#10"}
			}
		},
		{
			"name": "extrusion_pentagram_8",
			"from": [-5, 0.01, -13],
			"to": [-3, 0.01, -10],
			"light_emission": 15,
			"rotation": {"angle": 0, "axis": "y", "origin": [8, 0.5, 8]},
			"faces": {
				"up": {"uv": [1.83333, 0.5, 2.16667, 1], "texture": "#10"},
				"down": {"uv": [1.83333, 1, 2.16667, 0.5], "texture": "#10"}
			}
		},
		{
			"name": "extrusion_pentagram_9",
			"from": [2, 0.01, -13],
			"to": [3, 0.01, -12],
			"light_emission": 15,
			"rotation": {"angle": 0, "axis": "y", "origin": [8, 0.5, 8]},
			"faces": {
				"up": {"uv": [3, 0.5, 3.16667, 0.66667], "texture": "#10"},
				"down": {"uv": [3, 0.66667, 3.16667, 0.5], "texture": "#10"}
			}
		},
		{
			"name": "extrusion_pentagram_10",
			"from": [13, 0.01, -13],
			"to": [21, 0.01, -12],
			"light_emission": 15,
			"rotation": {"angle": 0, "axis": "y", "origin": [8, 0.5, 8]},
			"faces": {
				"up": {"uv": [4.83333, 0.5, 6.16667, 0.66667], "texture": "#10"},
				"down": {"uv": [4.83333, 0.66667, 6.16667, 0.5], "texture": "#10"}
			}
		},
		{
			"name": "extrusion_pentagram_11",
			"from": [-7, 0.01, -12],
			"to": [-5, 0.01, -9],
			"light_emission": 15,
			"rotation": {"angle": 0, "axis": "y", "origin": [8, 0.5, 8]},
			"faces": {
				"up": {"uv": [1.5, 0.66667, 1.83333, 1.16667], "texture": "#10"},
				"down": {"uv": [1.5, 1.16667, 1.83333, 0.66667], "texture": "#10"}
			}
		},
		{
			"name": "extrusion_pentagram_12",
			"from": [-1, 0.01, -12],
			"to": [0, 0.01, -11],
			"light_emission": 15,
			"rotation": {"angle": 0, "axis": "y", "origin": [8, 0.5, 8]},
			"faces": {
				"up": {"uv": [2.5, 0.66667, 2.66667, 0.83333], "texture": "#10"},
				"down": {"uv": [2.5, 0.83333, 2.66667, 0.66667], "texture": "#10"}
			}
		},
		{
			"name": "extrusion_pentagram_13",
			"from": [6, 0.01, -12],
			"to": [7, 0.01, -1],
			"light_emission": 15,
			"rotation": {"angle": 0, "axis": "y", "origin": [8, 0.5, 8]},
			"faces": {
				"up": {"uv": [3.66667, 0.66667, 3.83333, 2.5], "texture": "#10"},
				"down": {"uv": [3.66667, 2.5, 3.83333, 0.66667], "texture": "#10"}
			}
		},
		{
			"name": "extrusion_pentagram_14",
			"from": [9, 0.01, -12],
			"to": [10, 0.01, -1],
			"light_emission": 15,
			"rotation": {"angle": 0, "axis": "y", "origin": [8, 0.5, 8]},
			"faces": {
				"up": {"uv": [4.16667, 0.66667, 4.33333, 2.5], "texture": "#10"},
				"down": {"uv": [4.16667, 2.5, 4.33333, 0.66667], "texture": "#10"}
			}
		},
		{
			"name": "extrusion_pentagram_15",
			"from": [16, 0.01, -12],
			"to": [23, 0.01, -11],
			"light_emission": 15,
			"rotation": {"angle": 0, "axis": "y", "origin": [8, 0.5, 8]},
			"faces": {
				"up": {"uv": [5.33333, 0.66667, 6.5, 0.83333], "texture": "#10"},
				"down": {"uv": [5.33333, 0.83333, 6.5, 0.66667], "texture": "#10"}
			}
		},
		{
			"name": "extrusion_pentagram_16",
			"from": [-8, 0.01, -11],
			"to": [-7, 0.01, -7],
			"light_emission": 15,
			"rotation": {"angle": 0, "axis": "y", "origin": [8, 0.5, 8]},
			"faces": {
				"up": {"uv": [1.33333, 0.83333, 1.5, 1.5], "texture": "#10"},
				"down": {"uv": [1.33333, 1.5, 1.5, 0.83333], "texture": "#10"}
			}
		},
		{
			"name": "extrusion_pentagram_17",
			"from": [-3, 0.01, -11],
			"to": [-2, 0.01, -10],
			"light_emission": 15,
			"rotation": {"angle": 0, "axis": "y", "origin": [8, 0.5, 8]},
			"faces": {
				"up": {"uv": [2.16667, 0.83333, 2.33333, 1], "texture": "#10"},
				"down": {"uv": [2.16667, 1, 2.33333, 0.83333], "texture": "#10"}
			}
		},
		{
			"name": "extrusion_pentagram_18",
			"from": [18, 0.01, -11],
			"to": [24, 0.01, -10],
			"light_emission": 15,
			"rotation": {"angle": 0, "axis": "y", "origin": [8, 0.5, 8]},
			"faces": {
				"up": {"uv": [5.66667, 0.83333, 6.66667, 1], "texture": "#10"},
				"down": {"uv": [5.66667, 1, 6.66667, 0.83333], "texture": "#10"}
			}
		},
		{
			"name": "extrusion_pentagram_19",
			"from": [-9, 0.01, -10],
			"to": [-8, 0.01, -6],
			"light_emission": 15,
			"rotation": {"angle": 0, "axis": "y", "origin": [8, 0.5, 8]},
			"faces": {
				"up": {"uv": [1.16667, 1, 1.33333, 1.66667], "texture": "#10"},
				"down": {"uv": [1.16667, 1.66667, 1.33333, 1], "texture": "#10"}
			}
		},
		{
			"name": "extrusion_pentagram_20",
			"from": [-5, 0.01, -10],
			"to": [-4, 0.01, -9],
			"light_emission": 15,
			"rotation": {"angle": 0, "axis": "y", "origin": [8, 0.5, 8]},
			"faces": {
				"up": {"uv": [1.83333, 1, 2, 1.16667], "texture": "#10"},
				"down": {"uv": [1.83333, 1.16667, 2, 1], "texture": "#10"}
			}
		},
		{
			"name": "extrusion_pentagram_21",
			"from": [20, 0.01, -10],
			"to": [25, 0.01, -9],
			"light_emission": 15,
			"rotation": {"angle": 0, "axis": "y", "origin": [8, 0.5, 8]},
			"faces": {
				"up": {"uv": [6, 1, 6.83333, 1.16667], "texture": "#10"},
				"down": {"uv": [6, 1.16667, 6.83333, 1], "texture": "#10"}
			}
		},
		{
			"name": "extrusion_pentagram_22",
			"from": [-10, 0.01, -9],
			"to": [-9, 0.01, -4],
			"light_emission": 15,
			"rotation": {"angle": 0, "axis": "y", "origin": [8, 0.5, 8]},
			"faces": {
				"up": {"uv": [1, 1.16667, 1.16667, 2], "texture": "#10"},
				"down": {"uv": [1, 2, 1.16667, 1.16667], "texture": "#10"}
			}
		},
		{
			"name": "extrusion_pentagram_23",
			"from": [-7, 0.01, -9],
			"to": [-6, 0.01, -8],
			"light_emission": 15,
			"rotation": {"angle": 0, "axis": "y", "origin": [8, 0.5, 8]},
			"faces": {
				"up": {"uv": [1.5, 1.16667, 1.66667, 1.33333], "texture": "#10"},
				"down": {"uv": [1.5, 1.33333, 1.66667, 1.16667], "texture": "#10"}
			}
		},
		{
			"name": "extrusion_pentagram_24",
			"from": [22, 0.01, -9],
			"to": [26, 0.01, -8],
			"light_emission": 15,
			"rotation": {"angle": 0, "axis": "y", "origin": [8, 0.5, 8]},
			"faces": {
				"up": {"uv": [6.33333, 1.16667, 7, 1.33333], "texture": "#10"},
				"down": {"uv": [6.33333, 1.33333, 7, 1.16667], "texture": "#10"}
			}
		},
		{
			"name": "extrusion_pentagram_25",
			"from": [-11, 0.01, -8],
			"to": [-10, 0.01, -2],
			"light_emission": 15,
			"rotation": {"angle": 0, "axis": "y", "origin": [8, 0.5, 8]},
			"faces": {
				"up": {"uv": [0.83333, 1.33333, 1, 2.33333], "texture": "#10"},
				"down": {"uv": [0.83333, 2.33333, 1, 1.33333], "texture": "#10"}
			}
		},
		{
			"name": "extrusion_pentagram_26",
			"from": [5, 0.01, -8],
			"to": [6, 0.01, 3],
			"light_emission": 15,
			"rotation": {"angle": 0, "axis": "y", "origin": [8, 0.5, 8]},
			"faces": {
				"up": {"uv": [3.5, 1.33333, 3.66667, 3.16667], "texture": "#10"},
				"down": {"uv": [3.5, 3.16667, 3.66667, 1.33333], "texture": "#10"}
			}
		},
		{
			"name": "extrusion_pentagram_27",
			"from": [10, 0.01, -8],
			"to": [11, 0.01, 0],
			"light_emission": 15,
			"rotation": {"angle": 0, "axis": "y", "origin": [8, 0.5, 8]},
			"faces": {
				"up": {"uv": [4.33333, 1.33333, 4.5, 2.66667], "texture": "#10"},
				"down": {"uv": [4.33333, 2.66667, 4.5, 1.33333], "texture": "#10"}
			}
		},
		{
			"name": "extrusion_pentagram_28",
			"from": [23, 0.01, -8],
			"to": [27, 0.01, -7],
			"light_emission": 15,
			"rotation": {"angle": 0, "axis": "y", "origin": [8, 0.5, 8]},
			"faces": {
				"up": {"uv": [6.5, 1.33333, 7.16667, 1.5], "texture": "#10"},
				"down": {"uv": [6.5, 1.5, 7.16667, 1.33333], "texture": "#10"}
			}
		},
		{
			"name": "extrusion_pentagram_29",
			"from": [-12, 0.01, -7],
			"to": [-11, 0.01, -1],
			"light_emission": 15,
			"rotation": {"angle": 0, "axis": "y", "origin": [8, 0.5, 8]},
			"faces": {
				"up": {"uv": [0.66667, 1.5, 0.83333, 2.5], "texture": "#10"},
				"down": {"uv": [0.66667, 2.5, 0.83333, 1.5], "texture": "#10"}
			}
		},
		{
			"name": "extrusion_pentagram_30",
			"from": [24, 0.01, -7],
			"to": [28, 0.01, -6],
			"light_emission": 15,
			"rotation": {"angle": 0, "axis": "y", "origin": [8, 0.5, 8]},
			"faces": {
				"up": {"uv": [6.66667, 1.5, 7.33333, 1.66667], "texture": "#10"},
				"down": {"uv": [6.66667, 1.66667, 7.33333, 1.5], "texture": "#10"}
			}
		},
		{
			"name": "extrusion_pentagram_31",
			"from": [25, 0.01, -6],
			"to": [28, 0.01, -4],
			"light_emission": 15,
			"rotation": {"angle": 0, "axis": "y", "origin": [8, 0.5, 8]},
			"faces": {
				"up": {"uv": [6.83333, 1.66667, 7.33333, 2], "texture": "#10"},
				"down": {"uv": [6.83333, 2, 7.33333, 1.66667], "texture": "#10"}
			}
		},
		{
			"name": "extrusion_pentagram_32",
			"from": [-13, 0.01, -5],
			"to": [-12, 0.01, 0],
			"light_emission": 15,
			"rotation": {"angle": 0, "axis": "y", "origin": [8, 0.5, 8]},
			"faces": {
				"up": {"uv": [0.5, 1.83333, 0.66667, 2.66667], "texture": "#10"},
				"down": {"uv": [0.5, 2.66667, 0.66667, 1.83333], "texture": "#10"}
			}
		},
		{
			"name": "extrusion_pentagram_33",
			"from": [4, 0.01, -5],
			"to": [5, 0.01, 5],
			"light_emission": 15,
			"rotation": {"angle": 0, "axis": "y", "origin": [8, 0.5, 8]},
			"faces": {
				"up": {"uv": [3.33333, 1.83333, 3.5, 3.5], "texture": "#10"},
				"down": {"uv": [3.33333, 3.5, 3.5, 1.83333], "texture": "#10"}
			}
		},
		{
			"name": "extrusion_pentagram_34",
			"from": [11, 0.01, -5],
			"to": [12, 0.01, 0],
			"light_emission": 15,
			"rotation": {"angle": 0, "axis": "y", "origin": [8, 0.5, 8]},
			"faces": {
				"up": {"uv": [4.5, 1.83333, 4.66667, 2.66667], "texture": "#10"},
				"down": {"uv": [4.5, 2.66667, 4.66667, 1.83333], "texture": "#10"}
			}
		},
		{
			"name": "extrusion_pentagram_35",
			"from": [28, 0.01, -5],
			"to": [29, 0.01, 0],
			"light_emission": 15,
			"rotation": {"angle": 0, "axis": "y", "origin": [8, 0.5, 8]},
			"faces": {
				"up": {"uv": [7.33333, 1.83333, 7.5, 2.66667], "texture": "#10"},
				"down": {"uv": [7.33333, 2.66667, 7.5, 1.83333], "texture": "#10"}
			}
		},
		{
			"name": "extrusion_pentagram_36",
			"from": [26, 0.01, -4],
			"to": [28, 0.01, -2],
			"light_emission": 15,
			"rotation": {"angle": 0, "axis": "y", "origin": [8, 0.5, 8]},
			"faces": {
				"up": {"uv": [7, 2, 7.33333, 2.33333], "texture": "#10"},
				"down": {"uv": [7, 2.33333, 7.33333, 2], "texture": "#10"}
			}
		},
		{
			"name": "extrusion_pentagram_37",
			"from": [-14, 0.01, -3],
			"to": [-13, 0.01, 0],
			"light_emission": 15,
			"rotation": {"angle": 0, "axis": "y", "origin": [8, 0.5, 8]},
			"faces": {
				"up": {"uv": [0.33333, 2.16667, 0.5, 2.66667], "texture": "#10"},
				"down": {"uv": [0.33333, 2.66667, 0.5, 2.16667], "texture": "#10"}
			}
		},
		{
			"name": "extrusion_pentagram_38",
			"from": [29, 0.01, -3],
			"to": [30, 0.01, 0],
			"light_emission": 15,
			"rotation": {"angle": 0, "axis": "y", "origin": [8, 0.5, 8]},
			"faces": {
				"up": {"uv": [7.5, 2.16667, 7.66667, 2.66667], "texture": "#10"},
				"down": {"uv": [7.5, 2.66667, 7.66667, 2.16667], "texture": "#10"}
			}
		},
		{
			"name": "extrusion_pentagram_39",
			"from": [3, 0.01, -2],
			"to": [4, 0.01, 8],
			"light_emission": 15,
			"rotation": {"angle": 0, "axis": "y", "origin": [8, 0.5, 8]},
			"faces": {
				"up": {"uv": [3.16667, 2.33333, 3.33333, 4], "texture": "#10"},
				"down": {"uv": [3.16667, 4, 3.33333, 2.33333], "texture": "#10"}
			}
		},
		{
			"name": "extrusion_pentagram_40",
			"from": [12, 0.01, -2],
			"to": [13, 0.01, 0],
			"light_emission": 15,
			"rotation": {"angle": 0, "axis": "y", "origin": [8, 0.5, 8]},
			"faces": {
				"up": {"uv": [4.66667, 2.33333, 4.83333, 2.66667], "texture": "#10"},
				"down": {"uv": [4.66667, 2.66667, 4.83333, 2.33333], "texture": "#10"}
			}
		},
		{
			"name": "extrusion_pentagram_41",
			"from": [27, 0.01, -2],
			"to": [28, 0.01, -1],
			"light_emission": 15,
			"rotation": {"angle": 0, "axis": "y", "origin": [8, 0.5, 8]},
			"faces": {
				"up": {"uv": [7.16667, 2.33333, 7.33333, 2.5], "texture": "#10"},
				"down": {"uv": [7.16667, 2.5, 7.33333, 2.33333], "texture": "#10"}
			}
		},
		{
			"name": "extrusion_pentagram_42",
			"from": [-15, 0.01, -1],
			"to": [-14, 0.01, 2],
			"light_emission": 15,
			"rotation": {"angle": 0, "axis": "y", "origin": [8, 0.5, 8]},
			"faces": {
				"up": {"uv": [0.16667, 2.5, 0.33333, 3], "texture": "#10"},
				"down": {"uv": [0.16667, 3, 0.33333, 2.5], "texture": "#10"}
			}
		},
		{
			"name": "extrusion_pentagram_43",
			"from": [30, 0.01, -1],
			"to": [31, 0.01, 2],
			"light_emission": 15,
			"rotation": {"angle": 0, "axis": "y", "origin": [8, 0.5, 8]},
			"faces": {
				"up": {"uv": [7.66667, 2.5, 7.83333, 3], "texture": "#10"},
				"down": {"uv": [7.66667, 3, 7.83333, 2.5], "texture": "#10"}
			}
		},
		{
			"name": "extrusion_pentagram_44",
			"from": [-14, 0.01, 1],
			"to": [1, 0.01, 2],
			"light_emission": 15,
			"rotation": {"angle": 0, "axis": "y", "origin": [8, 0.5, 8]},
			"faces": {
				"up": {"uv": [0.33333, 2.83333, 2.83333, 3], "texture": "#10"},
				"down": {"uv": [0.33333, 3, 2.83333, 2.83333], "texture": "#10"}
			}
		},
		{
			"name": "extrusion_pentagram_45",
			"from": [7, 0.01, 1],
			"to": [27, 0.01, 4],
			"light_emission": 15,
			"rotation": {"angle": 0, "axis": "y", "origin": [8, 0.5, 8]},
			"faces": {
				"up": {"uv": [3.83333, 2.83333, 7.16667, 3.33333], "texture": "#10"},
				"down": {"uv": [3.83333, 3.33333, 7.16667, 2.83333], "texture": "#10"}
			}
		},
		{
			"name": "extrusion_pentagram_46",
			"from": [27, 0.01, 1],
			"to": [29, 0.01, 3],
			"light_emission": 15,
			"rotation": {"angle": 0, "axis": "y", "origin": [8, 0.5, 8]},
			"faces": {
				"up": {"uv": [7.16667, 2.83333, 7.5, 3.16667], "texture": "#10"},
				"down": {"uv": [7.16667, 3.16667, 7.5, 2.83333], "texture": "#10"}
			}
		},
		{
			"name": "extrusion_pentagram_47",
			"from": [29, 0.01, 1],
			"to": [30, 0.01, 2],
			"light_emission": 15,
			"rotation": {"angle": 0, "axis": "y", "origin": [8, 0.5, 8]},
			"faces": {
				"up": {"uv": [7.5, 2.83333, 7.66667, 3], "texture": "#10"},
				"down": {"uv": [7.5, 3, 7.66667, 2.83333], "texture": "#10"}
			}
		},
		{
			"name": "extrusion_pentagram_48",
			"from": [-16, 0.01, 2],
			"to": [-15, 0.01, 14],
			"light_emission": 15,
			"rotation": {"angle": 0, "axis": "y", "origin": [8, 0.5, 8]},
			"faces": {
				"up": {"uv": [0, 3, 0.16667, 5], "texture": "#10"},
				"down": {"uv": [0, 5, 0.16667, 3], "texture": "#10"}
			}
		},
		{
			"name": "extrusion_pentagram_49",
			"from": [-13, 0.01, 2],
			"to": [1, 0.01, 3],
			"light_emission": 15,
			"rotation": {"angle": 0, "axis": "y", "origin": [8, 0.5, 8]},
			"faces": {
				"up": {"uv": [0.5, 3, 2.83333, 3.16667], "texture": "#10"},
				"down": {"uv": [0.5, 3.16667, 2.83333, 3], "texture": "#10"}
			}
		},
		{
			"name": "extrusion_pentagram_50",
			"from": [2, 0.01, 2],
			"to": [3, 0.01, 8],
			"light_emission": 15,
			"rotation": {"angle": 0, "axis": "y", "origin": [8, 0.5, 8]},
			"faces": {
				"up": {"uv": [3, 3, 3.16667, 4], "texture": "#10"},
				"down": {"uv": [3, 4, 3.16667, 3], "texture": "#10"}
			}
		},
		{
			"name": "extrusion_pentagram_51",
			"from": [31, 0.01, 2],
			"to": [32, 0.01, 14],
			"light_emission": 15,
			"rotation": {"angle": 0, "axis": "y", "origin": [8, 0.5, 8]},
			"faces": {
				"up": {"uv": [7.83333, 3, 8, 5], "texture": "#10"},
				"down": {"uv": [7.83333, 5, 8, 3], "texture": "#10"}
			}
		},
		{
			"name": "extrusion_pentagram_52",
			"from": [-15, 0.01, 3],
			"to": [-14, 0.01, 17],
			"light_emission": 15,
			"rotation": {"angle": 0, "axis": "y", "origin": [8, 0.5, 8]},
			"faces": {
				"up": {"uv": [0.16667, 3.16667, 0.33333, 5.5], "texture": "#10"},
				"down": {"uv": [0.16667, 5.5, 0.33333, 3.16667], "texture": "#10"}
			}
		},
		{
			"name": "extrusion_pentagram_53",
			"from": [-11, 0.01, 3],
			"to": [0, 0.01, 4],
			"light_emission": 15,
			"rotation": {"angle": 0, "axis": "y", "origin": [8, 0.5, 8]},
			"faces": {
				"up": {"uv": [0.83333, 3.16667, 2.66667, 3.33333], "texture": "#10"},
				"down": {"uv": [0.83333, 3.33333, 2.66667, 3.16667], "texture": "#10"}
			}
		},
		{
			"name": "extrusion_pentagram_54",
			"from": [30, 0.01, 3],
			"to": [31, 0.01, 17],
			"light_emission": 15,
			"rotation": {"angle": 0, "axis": "y", "origin": [8, 0.5, 8]},
			"faces": {
				"up": {"uv": [7.66667, 3.16667, 7.83333, 5.5], "texture": "#10"},
				"down": {"uv": [7.66667, 5.5, 7.83333, 3.16667], "texture": "#10"}
			}
		},
		{
			"name": "extrusion_pentagram_55",
			"from": [-14, 0.01, 4],
			"to": [-13, 0.01, 19],
			"light_emission": 15,
			"rotation": {"angle": 0, "axis": "y", "origin": [8, 0.5, 8]},
			"faces": {
				"up": {"uv": [0.33333, 3.33333, 0.5, 5.83333], "texture": "#10"},
				"down": {"uv": [0.33333, 5.83333, 0.5, 3.33333], "texture": "#10"}
			}
		},
		{
			"name": "extrusion_pentagram_56",
			"from": [-10, 0.01, 4],
			"to": [-5, 0.01, 5],
			"light_emission": 15,
			"rotation": {"angle": 0, "axis": "y", "origin": [8, 0.5, 8]},
			"faces": {
				"up": {"uv": [1, 3.33333, 1.83333, 3.5], "texture": "#10"},
				"down": {"uv": [1, 3.5, 1.83333, 3.33333], "texture": "#10"}
			}
		},
		{
			"name": "extrusion_pentagram_57",
			"from": [1, 0.01, 4],
			"to": [2, 0.01, 7],
			"light_emission": 15,
			"rotation": {"angle": 0, "axis": "y", "origin": [8, 0.5, 8]},
			"faces": {
				"up": {"uv": [2.83333, 3.33333, 3, 3.83333], "texture": "#10"},
				"down": {"uv": [2.83333, 3.83333, 3, 3.33333], "texture": "#10"}
			}
		},
		{
			"name": "extrusion_pentagram_58",
			"from": [21, 0.01, 4],
			"to": [24, 0.01, 6],
			"light_emission": 15,
			"rotation": {"angle": 0, "axis": "y", "origin": [8, 0.5, 8]},
			"faces": {
				"up": {"uv": [6.16667, 3.33333, 6.66667, 3.66667], "texture": "#10"},
				"down": {"uv": [6.16667, 3.66667, 6.66667, 3.33333], "texture": "#10"}
			}
		},
		{
			"name": "extrusion_pentagram_59",
			"from": [24, 0.01, 4],
			"to": [26, 0.01, 5],
			"light_emission": 15,
			"rotation": {"angle": 0, "axis": "y", "origin": [8, 0.5, 8]},
			"faces": {
				"up": {"uv": [6.66667, 3.33333, 7, 3.5], "texture": "#10"},
				"down": {"uv": [6.66667, 3.5, 7, 3.33333], "texture": "#10"}
			}
		},
		{
			"name": "extrusion_pentagram_60",
			"from": [29, 0.01, 4],
			"to": [30, 0.01, 19],
			"light_emission": 15,
			"rotation": {"angle": 0, "axis": "y", "origin": [8, 0.5, 8]},
			"faces": {
				"up": {"uv": [7.5, 3.33333, 7.66667, 5.83333], "texture": "#10"},
				"down": {"uv": [7.5, 5.83333, 7.66667, 3.33333], "texture": "#10"}
			}
		},
		{
			"name": "extrusion_pentagram_61",
			"from": [-8, 0.01, 5],
			"to": [-3, 0.01, 6],
			"light_emission": 15,
			"rotation": {"angle": 0, "axis": "y", "origin": [8, 0.5, 8]},
			"faces": {
				"up": {"uv": [1.33333, 3.5, 2.16667, 3.66667], "texture": "#10"},
				"down": {"uv": [1.33333, 3.66667, 2.16667, 3.5], "texture": "#10"}
			}
		},
		{
			"name": "extrusion_pentagram_62",
			"from": [12, 0.01, 5],
			"to": [15, 0.01, 8],
			"light_emission": 15,
			"rotation": {"angle": 0, "axis": "y", "origin": [8, 0.5, 8]},
			"faces": {
				"up": {"uv": [4.66667, 3.5, 5.16667, 4], "texture": "#10"},
				"down": {"uv": [4.66667, 4, 5.16667, 3.5], "texture": "#10"}
			}
		},
		{
			"name": "extrusion_pentagram_63",
			"from": [19, 0.01, 5],
			"to": [21, 0.01, 8],
			"light_emission": 15,
			"rotation": {"angle": 0, "axis": "y", "origin": [8, 0.5, 8]},
			"faces": {
				"up": {"uv": [5.83333, 3.5, 6.16667, 4], "texture": "#10"},
				"down": {"uv": [5.83333, 4, 6.16667, 3.5], "texture": "#10"}
			}
		},
		{
			"name": "extrusion_pentagram_64",
			"from": [-7, 0.01, 6],
			"to": [-2, 0.01, 7],
			"light_emission": 15,
			"rotation": {"angle": 0, "axis": "y", "origin": [8, 0.5, 8]},
			"faces": {
				"up": {"uv": [1.5, 3.66667, 2.33333, 3.83333], "texture": "#10"},
				"down": {"uv": [1.5, 3.83333, 2.33333, 3.66667], "texture": "#10"}
			}
		},
		{
			"name": "extrusion_pentagram_65",
			"from": [18, 0.01, 6],
			"to": [19, 0.01, 10],
			"light_emission": 15,
			"rotation": {"angle": 0, "axis": "y", "origin": [8, 0.5, 8]},
			"faces": {
				"up": {"uv": [5.66667, 3.66667, 5.83333, 4.33333], "texture": "#10"},
				"down": {"uv": [5.66667, 4.33333, 5.83333, 3.66667], "texture": "#10"}
			}
		},
		{
			"name": "extrusion_pentagram_66",
			"from": [21, 0.01, 6],
			"to": [23, 0.01, 7],
			"light_emission": 15,
			"rotation": {"angle": 0, "axis": "y", "origin": [8, 0.5, 8]},
			"faces": {
				"up": {"uv": [6.16667, 3.66667, 6.5, 3.83333], "texture": "#10"},
				"down": {"uv": [6.16667, 3.83333, 6.5, 3.66667], "texture": "#10"}
			}
		},
		{
			"name": "extrusion_pentagram_67",
			"from": [-6, 0.01, 7],
			"to": [-1, 0.01, 8],
			"light_emission": 15,
			"rotation": {"angle": 0, "axis": "y", "origin": [8, 0.5, 8]},
			"faces": {
				"up": {"uv": [1.66667, 3.83333, 2.5, 4], "texture": "#10"},
				"down": {"uv": [1.66667, 4, 2.5, 3.83333], "texture": "#10"}
			}
		},
		{
			"name": "extrusion_pentagram_68",
			"from": [15, 0.01, 7],
			"to": [16, 0.01, 17],
			"light_emission": 15,
			"rotation": {"angle": 0, "axis": "y", "origin": [8, 0.5, 8]},
			"faces": {
				"up": {"uv": [5.16667, 3.83333, 5.33333, 5.5], "texture": "#10"},
				"down": {"uv": [5.16667, 5.5, 5.33333, 3.83333], "texture": "#10"}
			}
		},
		{
			"name": "extrusion_pentagram_69",
			"from": [17, 0.01, 7],
			"to": [18, 0.01, 9],
			"light_emission": 15,
			"rotation": {"angle": 0, "axis": "y", "origin": [8, 0.5, 8]},
			"faces": {
				"up": {"uv": [5.5, 3.83333, 5.66667, 4.16667], "texture": "#10"},
				"down": {"uv": [5.5, 4.16667, 5.66667, 3.83333], "texture": "#10"}
			}
		},
		{
			"name": "extrusion_pentagram_70",
			"from": [21, 0.01, 7],
			"to": [22, 0.01, 8],
			"light_emission": 15,
			"rotation": {"angle": 0, "axis": "y", "origin": [8, 0.5, 8]},
			"faces": {
				"up": {"uv": [6.16667, 3.83333, 6.33333, 4], "texture": "#10"},
				"down": {"uv": [6.16667, 4, 6.33333, 3.83333], "texture": "#10"}
			}
		},
		{
			"name": "extrusion_pentagram_71",
			"from": [-4, 0.01, 8],
			"to": [1, 0.01, 9],
			"light_emission": 15,
			"rotation": {"angle": 0, "axis": "y", "origin": [8, 0.5, 8]},
			"faces": {
				"up": {"uv": [2, 4, 2.83333, 4.16667], "texture": "#10"},
				"down": {"uv": [2, 4.16667, 2.83333, 4], "texture": "#10"}
			}
		},
		{
			"name": "extrusion_pentagram_72",
			"from": [13, 0.01, 8],
			"to": [15, 0.01, 11],
			"light_emission": 15,
			"rotation": {"angle": 0, "axis": "y", "origin": [8, 0.5, 8]},
			"faces": {
				"up": {"uv": [4.83333, 4, 5.16667, 4.5], "texture": "#10"},
				"down": {"uv": [4.83333, 4.5, 5.16667, 4], "texture": "#10"}
			}
		},
		{
			"name": "extrusion_pentagram_73",
			"from": [19, 0.01, 8],
			"to": [20, 0.01, 9],
			"light_emission": 15,
			"rotation": {"angle": 0, "axis": "y", "origin": [8, 0.5, 8]},
			"faces": {
				"up": {"uv": [5.83333, 4, 6, 4.16667], "texture": "#10"},
				"down": {"uv": [5.83333, 4.16667, 6, 4], "texture": "#10"}
			}
		},
		{
			"name": "extrusion_pentagram_74",
			"from": [-3, 0.01, 9],
			"to": [2, 0.01, 10],
			"light_emission": 15,
			"rotation": {"angle": 0, "axis": "y", "origin": [8, 0.5, 8]},
			"faces": {
				"up": {"uv": [2.16667, 4.16667, 3, 4.33333], "texture": "#10"},
				"down": {"uv": [2.16667, 4.33333, 3, 4.16667], "texture": "#10"}
			}
		},
		{
			"name": "extrusion_pentagram_75",
			"from": [-2, 0.01, 10],
			"to": [3, 0.01, 11],
			"light_emission": 15,
			"rotation": {"angle": 0, "axis": "y", "origin": [8, 0.5, 8]},
			"faces": {
				"up": {"uv": [2.33333, 4.33333, 3.16667, 4.5], "texture": "#10"},
				"down": {"uv": [2.33333, 4.5, 3.16667, 4.33333], "texture": "#10"}
			}
		},
		{
			"name": "extrusion_pentagram_76",
			"from": [16, 0.01, 10],
			"to": [17, 0.01, 24],
			"light_emission": 15,
			"rotation": {"angle": 0, "axis": "y", "origin": [8, 0.5, 8]},
			"faces": {
				"up": {"uv": [5.33333, 4.33333, 5.5, 6.66667], "texture": "#10"},
				"down": {"uv": [5.33333, 6.66667, 5.5, 4.33333], "texture": "#10"}
			}
		},
		{
			"name": "extrusion_pentagram_77",
			"from": [0, 0.01, 11],
			"to": [5, 0.01, 12],
			"light_emission": 15,
			"rotation": {"angle": 0, "axis": "y", "origin": [8, 0.5, 8]},
			"faces": {
				"up": {"uv": [2.66667, 4.5, 3.5, 4.66667], "texture": "#10"},
				"down": {"uv": [2.66667, 4.66667, 3.5, 4.5], "texture": "#10"}
			}
		},
		{
			"name": "extrusion_pentagram_78",
			"from": [11, 0.01, 11],
			"to": [12, 0.01, 15],
			"light_emission": 15,
			"rotation": {"angle": 0, "axis": "y", "origin": [8, 0.5, 8]},
			"faces": {
				"up": {"uv": [4.5, 4.5, 4.66667, 5.16667], "texture": "#10"},
				"down": {"uv": [4.5, 5.16667, 4.66667, 4.5], "texture": "#10"}
			}
		},
		{
			"name": "extrusion_pentagram_79",
			"from": [14, 0.01, 11],
			"to": [15, 0.01, 14],
			"light_emission": 15,
			"rotation": {"angle": 0, "axis": "y", "origin": [8, 0.5, 8]},
			"faces": {
				"up": {"uv": [5, 4.5, 5.16667, 5], "texture": "#10"},
				"down": {"uv": [5, 5, 5.16667, 4.5], "texture": "#10"}
			}
		},
		{
			"name": "extrusion_pentagram_80",
			"from": [1, 0.01, 12],
			"to": [6, 0.01, 13],
			"light_emission": 15,
			"rotation": {"angle": 0, "axis": "y", "origin": [8, 0.5, 8]},
			"faces": {
				"up": {"uv": [2.83333, 4.66667, 3.66667, 4.83333], "texture": "#10"},
				"down": {"uv": [2.83333, 4.83333, 3.66667, 4.66667], "texture": "#10"}
			}
		},
		{
			"name": "extrusion_pentagram_81",
			"from": [10, 0.01, 12],
			"to": [11, 0.01, 16],
			"light_emission": 15,
			"rotation": {"angle": 0, "axis": "y", "origin": [8, 0.5, 8]},
			"faces": {
				"up": {"uv": [4.33333, 4.66667, 4.5, 5.33333], "texture": "#10"},
				"down": {"uv": [4.33333, 5.33333, 4.5, 4.66667], "texture": "#10"}
			}
		},
		{
			"name": "extrusion_pentagram_82",
			"from": [12, 0.01, 12],
			"to": [13, 0.01, 14],
			"light_emission": 15,
			"rotation": {"angle": 0, "axis": "y", "origin": [8, 0.5, 8]},
			"faces": {
				"up": {"uv": [4.66667, 4.66667, 4.83333, 5], "texture": "#10"},
				"down": {"uv": [4.66667, 5, 4.83333, 4.66667], "texture": "#10"}
			}
		},
		{
			"name": "extrusion_pentagram_83",
			"from": [-13, 0.01, 13],
			"to": [-12, 0.01, 21],
			"light_emission": 15,
			"rotation": {"angle": 0, "axis": "y", "origin": [8, 0.5, 8]},
			"faces": {
				"up": {"uv": [0.5, 4.83333, 0.66667, 6.16667], "texture": "#10"},
				"down": {"uv": [0.5, 6.16667, 0.66667, 4.83333], "texture": "#10"}
			}
		},
		{
			"name": "extrusion_pentagram_84",
			"from": [-2, 0.01, 13],
			"to": [0, 0.01, 24],
			"light_emission": 15,
			"rotation": {"angle": 0, "axis": "y", "origin": [8, 0.5, 8]},
			"faces": {
				"up": {"uv": [2.33333, 4.83333, 2.66667, 6.66667], "texture": "#10"},
				"down": {"uv": [2.33333, 6.66667, 2.66667, 4.83333], "texture": "#10"}
			}
		},
		{
			"name": "extrusion_pentagram_85",
			"from": [2, 0.01, 13],
			"to": [6, 0.01, 14],
			"light_emission": 15,
			"rotation": {"angle": 0, "axis": "y", "origin": [8, 0.5, 8]},
			"faces": {
				"up": {"uv": [3, 4.83333, 3.66667, 5], "texture": "#10"},
				"down": {"uv": [3, 5, 3.66667, 4.83333], "texture": "#10"}
			}
		},
		{
			"name": "extrusion_pentagram_86",
			"from": [9, 0.01, 13],
			"to": [10, 0.01, 17],
			"light_emission": 15,
			"rotation": {"angle": 0, "axis": "y", "origin": [8, 0.5, 8]},
			"faces": {
				"up": {"uv": [4.16667, 4.83333, 4.33333, 5.5], "texture": "#10"},
				"down": {"uv": [4.16667, 5.5, 4.33333, 4.83333], "texture": "#10"}
			}
		},
		{
			"name": "extrusion_pentagram_87",
			"from": [17, 0.01, 13],
			"to": [18, 0.01, 25],
			"light_emission": 15,
			"rotation": {"angle": 0, "axis": "y", "origin": [8, 0.5, 8]},
			"faces": {
				"up": {"uv": [5.5, 4.83333, 5.66667, 6.83333], "texture": "#10"},
				"down": {"uv": [5.5, 6.83333, 5.66667, 4.83333], "texture": "#10"}
			}
		},
		{
			"name": "extrusion_pentagram_88",
			"from": [28, 0.01, 13],
			"to": [29, 0.01, 21],
			"light_emission": 15,
			"rotation": {"angle": 0, "axis": "y", "origin": [8, 0.5, 8]},
			"faces": {
				"up": {"uv": [7.33333, 4.83333, 7.5, 6.16667], "texture": "#10"},
				"down": {"uv": [7.33333, 6.16667, 7.5, 4.83333], "texture": "#10"}
			}
		},
		{
			"name": "extrusion_pentagram_89",
			"from": [0, 0.01, 14],
			"to": [1, 0.01, 17],
			"light_emission": 15,
			"rotation": {"angle": 0, "axis": "y", "origin": [8, 0.5, 8]},
			"faces": {
				"up": {"uv": [2.66667, 5, 2.83333, 5.5], "texture": "#10"},
				"down": {"uv": [2.66667, 5.5, 2.83333, 5], "texture": "#10"}
			}
		},
		{
			"name": "extrusion_pentagram_90",
			"from": [4, 0.01, 14],
			"to": [5, 0.01, 15],
			"light_emission": 15,
			"rotation": {"angle": 0, "axis": "y", "origin": [8, 0.5, 8]},
			"faces": {
				"up": {"uv": [3.33333, 5, 3.5, 5.16667], "texture": "#10"},
				"down": {"uv": [3.33333, 5.16667, 3.5, 5], "texture": "#10"}
			}
		},
		{
			"name": "extrusion_pentagram_91",
			"from": [7, 0.01, 14],
			"to": [9, 0.01, 17],
			"light_emission": 15,
			"rotation": {"angle": 0, "axis": "y", "origin": [8, 0.5, 8]},
			"faces": {
				"up": {"uv": [3.83333, 5, 4.16667, 5.5], "texture": "#10"},
				"down": {"uv": [3.83333, 5.5, 4.16667, 5], "texture": "#10"}
			}
		},
		{
			"name": "extrusion_pentagram_92",
			"from": [6, 0.01, 15],
			"to": [7, 0.01, 19],
			"light_emission": 15,
			"rotation": {"angle": 0, "axis": "y", "origin": [8, 0.5, 8]},
			"faces": {
				"up": {"uv": [3.66667, 5.16667, 3.83333, 5.83333], "texture": "#10"},
				"down": {"uv": [3.66667, 5.83333, 3.83333, 5.16667], "texture": "#10"}
			}
		},
		{
			"name": "extrusion_pentagram_93",
			"from": [-12, 0.01, 16],
			"to": [-11, 0.01, 23],
			"light_emission": 15,
			"rotation": {"angle": 0, "axis": "y", "origin": [8, 0.5, 8]},
			"faces": {
				"up": {"uv": [0.66667, 5.33333, 0.83333, 6.5], "texture": "#10"},
				"down": {"uv": [0.66667, 6.5, 0.83333, 5.33333], "texture": "#10"}
			}
		},
		{
			"name": "extrusion_pentagram_94",
			"from": [-3, 0.01, 16],
			"to": [-2, 0.01, 27],
			"light_emission": 15,
			"rotation": {"angle": 0, "axis": "y", "origin": [8, 0.5, 8]},
			"faces": {
				"up": {"uv": [2.16667, 5.33333, 2.33333, 7.16667], "texture": "#10"},
				"down": {"uv": [2.16667, 7.16667, 2.33333, 5.33333], "texture": "#10"}
			}
		},
		{
			"name": "extrusion_pentagram_95",
			"from": [5, 0.01, 16],
			"to": [6, 0.01, 20],
			"light_emission": 15,
			"rotation": {"angle": 0, "axis": "y", "origin": [8, 0.5, 8]},
			"faces": {
				"up": {"uv": [3.5, 5.33333, 3.66667, 6], "texture": "#10"},
				"down": {"uv": [3.5, 6, 3.66667, 5.33333], "texture": "#10"}
			}
		},
		{
			"name": "extrusion_pentagram_96",
			"from": [18, 0.01, 16],
			"to": [19, 0.01, 27],
			"light_emission": 15,
			"rotation": {"angle": 0, "axis": "y", "origin": [8, 0.5, 8]},
			"faces": {
				"up": {"uv": [5.66667, 5.33333, 5.83333, 7.16667], "texture": "#10"},
				"down": {"uv": [5.66667, 7.16667, 5.83333, 5.33333], "texture": "#10"}
			}
		},
		{
			"name": "extrusion_pentagram_97",
			"from": [27, 0.01, 16],
			"to": [28, 0.01, 23],
			"light_emission": 15,
			"rotation": {"angle": 0, "axis": "y", "origin": [8, 0.5, 8]},
			"faces": {
				"up": {"uv": [7.16667, 5.33333, 7.33333, 6.5], "texture": "#10"},
				"down": {"uv": [7.16667, 6.5, 7.33333, 5.33333], "texture": "#10"}
			}
		},
		{
			"name": "extrusion_pentagram_98",
			"from": [3, 0.01, 17],
			"to": [5, 0.01, 20],
			"light_emission": 15,
			"rotation": {"angle": 0, "axis": "y", "origin": [8, 0.5, 8]},
			"faces": {
				"up": {"uv": [3.16667, 5.5, 3.5, 6], "texture": "#10"},
				"down": {"uv": [3.16667, 6, 3.5, 5.5], "texture": "#10"}
			}
		},
		{
			"name": "extrusion_pentagram_99",
			"from": [7, 0.01, 17],
			"to": [8, 0.01, 18],
			"light_emission": 15,
			"rotation": {"angle": 0, "axis": "y", "origin": [8, 0.5, 8]},
			"faces": {
				"up": {"uv": [3.83333, 5.5, 4, 5.66667], "texture": "#10"},
				"down": {"uv": [3.83333, 5.66667, 4, 5.5], "texture": "#10"}
			}
		},
		{
			"name": "extrusion_pentagram_100",
			"from": [11, 0.01, 17],
			"to": [13, 0.01, 20],
			"light_emission": 15,
			"rotation": {"angle": 0, "axis": "y", "origin": [8, 0.5, 8]},
			"faces": {
				"up": {"uv": [4.5, 5.5, 4.83333, 6], "texture": "#10"},
				"down": {"uv": [4.5, 6, 4.83333, 5.5], "texture": "#10"}
			}
		},
		{
			"name": "extrusion_pentagram_101",
			"from": [-11, 0.01, 18],
			"to": [-10, 0.01, 24],
			"light_emission": 15,
			"rotation": {"angle": 0, "axis": "y", "origin": [8, 0.5, 8]},
			"faces": {
				"up": {"uv": [0.83333, 5.66667, 1, 6.66667], "texture": "#10"},
				"down": {"uv": [0.83333, 6.66667, 1, 5.66667], "texture": "#10"}
			}
		},
		{
			"name": "extrusion_pentagram_102",
			"from": [2, 0.01, 18],
			"to": [3, 0.01, 22],
			"light_emission": 15,
			"rotation": {"angle": 0, "axis": "y", "origin": [8, 0.5, 8]},
			"faces": {
				"up": {"uv": [3, 5.66667, 3.16667, 6.33333], "texture": "#10"},
				"down": {"uv": [3, 6.33333, 3.16667, 5.66667], "texture": "#10"}
			}
		},
		{
			"name": "extrusion_pentagram_103",
			"from": [9, 0.01, 18],
			"to": [11, 0.01, 19],
			"light_emission": 15,
			"rotation": {"angle": 0, "axis": "y", "origin": [8, 0.5, 8]},
			"faces": {
				"up": {"uv": [4.16667, 5.66667, 4.5, 5.83333], "texture": "#10"},
				"down": {"uv": [4.16667, 5.83333, 4.5, 5.66667], "texture": "#10"}
			}
		},
		{
			"name": "extrusion_pentagram_104",
			"from": [13, 0.01, 18],
			"to": [14, 0.01, 22],
			"light_emission": 15,
			"rotation": {"angle": 0, "axis": "y", "origin": [8, 0.5, 8]},
			"faces": {
				"up": {"uv": [4.83333, 5.66667, 5, 6.33333], "texture": "#10"},
				"down": {"uv": [4.83333, 6.33333, 5, 5.66667], "texture": "#10"}
			}
		},
		{
			"name": "extrusion_pentagram_105",
			"from": [26, 0.01, 18],
			"to": [27, 0.01, 24],
			"light_emission": 15,
			"rotation": {"angle": 0, "axis": "y", "origin": [8, 0.5, 8]},
			"faces": {
				"up": {"uv": [7, 5.66667, 7.16667, 6.66667], "texture": "#10"},
				"down": {"uv": [7, 6.66667, 7.16667, 5.66667], "texture": "#10"}
			}
		},
		{
			"name": "extrusion_pentagram_106",
			"from": [-4, 0.01, 19],
			"to": [-3, 0.01, 27],
			"light_emission": 15,
			"rotation": {"angle": 0, "axis": "y", "origin": [8, 0.5, 8]},
			"faces": {
				"up": {"uv": [2, 5.83333, 2.16667, 7.16667], "texture": "#10"},
				"down": {"uv": [2, 7.16667, 2.16667, 5.83333], "texture": "#10"}
			}
		},
		{
			"name": "extrusion_pentagram_107",
			"from": [1, 0.01, 19],
			"to": [2, 0.01, 23],
			"light_emission": 15,
			"rotation": {"angle": 0, "axis": "y", "origin": [8, 0.5, 8]},
			"faces": {
				"up": {"uv": [2.83333, 5.83333, 3, 6.5], "texture": "#10"},
				"down": {"uv": [2.83333, 6.5, 3, 5.83333], "texture": "#10"}
			}
		},
		{
			"name": "extrusion_pentagram_108",
			"from": [10, 0.01, 19],
			"to": [11, 0.01, 20],
			"light_emission": 15,
			"rotation": {"angle": 0, "axis": "y", "origin": [8, 0.5, 8]},
			"faces": {
				"up": {"uv": [4.33333, 5.83333, 4.5, 6], "texture": "#10"},
				"down": {"uv": [4.33333, 6, 4.5, 5.83333], "texture": "#10"}
			}
		},
		{
			"name": "extrusion_pentagram_109",
			"from": [14, 0.01, 19],
			"to": [15, 0.01, 23],
			"light_emission": 15,
			"rotation": {"angle": 0, "axis": "y", "origin": [8, 0.5, 8]},
			"faces": {
				"up": {"uv": [5, 5.83333, 5.16667, 6.5], "texture": "#10"},
				"down": {"uv": [5, 6.5, 5.16667, 5.83333], "texture": "#10"}
			}
		},
		{
			"name": "extrusion_pentagram_110",
			"from": [19, 0.01, 19],
			"to": [20, 0.01, 27],
			"light_emission": 15,
			"rotation": {"angle": 0, "axis": "y", "origin": [8, 0.5, 8]},
			"faces": {
				"up": {"uv": [5.83333, 5.83333, 6, 7.16667], "texture": "#10"},
				"down": {"uv": [5.83333, 7.16667, 6, 5.83333], "texture": "#10"}
			}
		},
		{
			"name": "extrusion_pentagram_111",
			"from": [-10, 0.01, 20],
			"to": [-9, 0.01, 25],
			"light_emission": 15,
			"rotation": {"angle": 0, "axis": "y", "origin": [8, 0.5, 8]},
			"faces": {
				"up": {"uv": [1, 6, 1.16667, 6.83333], "texture": "#10"},
				"down": {"uv": [1, 6.83333, 1.16667, 6], "texture": "#10"}
			}
		},
		{
			"name": "extrusion_pentagram_112",
			"from": [0, 0.01, 20],
			"to": [1, 0.01, 23],
			"light_emission": 15,
			"rotation": {"angle": 0, "axis": "y", "origin": [8, 0.5, 8]},
			"faces": {
				"up": {"uv": [2.66667, 6, 2.83333, 6.5], "texture": "#10"},
				"down": {"uv": [2.66667, 6.5, 2.83333, 6], "texture": "#10"}
			}
		},
		{
			"name": "extrusion_pentagram_113",
			"from": [3, 0.01, 20],
			"to": [4, 0.01, 21],
			"light_emission": 15,
			"rotation": {"angle": 0, "axis": "y", "origin": [8, 0.5, 8]},
			"faces": {
				"up": {"uv": [3.16667, 6, 3.33333, 6.16667], "texture": "#10"},
				"down": {"uv": [3.16667, 6.16667, 3.33333, 6], "texture": "#10"}
			}
		},
		{
			"name": "extrusion_pentagram_114",
			"from": [12, 0.01, 20],
			"to": [13, 0.01, 21],
			"light_emission": 15,
			"rotation": {"angle": 0, "axis": "y", "origin": [8, 0.5, 8]},
			"faces": {
				"up": {"uv": [4.66667, 6, 4.83333, 6.16667], "texture": "#10"},
				"down": {"uv": [4.66667, 6.16667, 4.83333, 6], "texture": "#10"}
			}
		},
		{
			"name": "extrusion_pentagram_115",
			"from": [15, 0.01, 20],
			"to": [16, 0.01, 23],
			"light_emission": 15,
			"rotation": {"angle": 0, "axis": "y", "origin": [8, 0.5, 8]},
			"faces": {
				"up": {"uv": [5.16667, 6, 5.33333, 6.5], "texture": "#10"},
				"down": {"uv": [5.16667, 6.5, 5.33333, 6], "texture": "#10"}
			}
		},
		{
			"name": "extrusion_pentagram_116",
			"from": [25, 0.01, 20],
			"to": [26, 0.01, 25],
			"light_emission": 15,
			"rotation": {"angle": 0, "axis": "y", "origin": [8, 0.5, 8]},
			"faces": {
				"up": {"uv": [6.83333, 6, 7, 6.83333], "texture": "#10"},
				"down": {"uv": [6.83333, 6.83333, 7, 6], "texture": "#10"}
			}
		},
		{
			"name": "extrusion_pentagram_117",
			"from": [-9, 0.01, 22],
			"to": [-8, 0.01, 26],
			"light_emission": 15,
			"rotation": {"angle": 0, "axis": "y", "origin": [8, 0.5, 8]},
			"faces": {
				"up": {"uv": [1.16667, 6.33333, 1.33333, 7], "texture": "#10"},
				"down": {"uv": [1.16667, 7, 1.33333, 6.33333], "texture": "#10"}
			}
		},
		{
			"name": "extrusion_pentagram_118",
			"from": [-5, 0.01, 22],
			"to": [-4, 0.01, 27],
			"light_emission": 15,
			"rotation": {"angle": 0, "axis": "y", "origin": [8, 0.5, 8]},
			"faces": {
				"up": {"uv": [1.83333, 6.33333, 2, 7.16667], "texture": "#10"},
				"down": {"uv": [1.83333, 7.16667, 2, 6.33333], "texture": "#10"}
			}
		},
		{
			"name": "extrusion_pentagram_119",
			"from": [20, 0.01, 22],
			"to": [21, 0.01, 27],
			"light_emission": 15,
			"rotation": {"angle": 0, "axis": "y", "origin": [8, 0.5, 8]},
			"faces": {
				"up": {"uv": [6, 6.33333, 6.16667, 7.16667], "texture": "#10"},
				"down": {"uv": [6, 7.16667, 6.16667, 6.33333], "texture": "#10"}
			}
		},
		{
			"name": "extrusion_pentagram_120",
			"from": [24, 0.01, 22],
			"to": [25, 0.01, 26],
			"light_emission": 15,
			"rotation": {"angle": 0, "axis": "y", "origin": [8, 0.5, 8]},
			"faces": {
				"up": {"uv": [6.66667, 6.33333, 6.83333, 7], "texture": "#10"},
				"down": {"uv": [6.66667, 7, 6.83333, 6.33333], "texture": "#10"}
			}
		},
		{
			"name": "extrusion_pentagram_121",
			"from": [-8, 0.01, 23],
			"to": [-7, 0.01, 27],
			"light_emission": 15,
			"rotation": {"angle": 0, "axis": "y", "origin": [8, 0.5, 8]},
			"faces": {
				"up": {"uv": [1.33333, 6.5, 1.5, 7.16667], "texture": "#10"},
				"down": {"uv": [1.33333, 7.16667, 1.5, 6.5], "texture": "#10"}
			}
		},
		{
			"name": "extrusion_pentagram_122",
			"from": [23, 0.01, 23],
			"to": [24, 0.01, 27],
			"light_emission": 15,
			"rotation": {"angle": 0, "axis": "y", "origin": [8, 0.5, 8]},
			"faces": {
				"up": {"uv": [6.5, 6.5, 6.66667, 7.16667], "texture": "#10"},
				"down": {"uv": [6.5, 7.16667, 6.66667, 6.5], "texture": "#10"}
			}
		},
		{
			"name": "extrusion_pentagram_123",
			"from": [-2, 0.01, 24],
			"to": [-1, 0.01, 25],
			"light_emission": 15,
			"rotation": {"angle": 0, "axis": "y", "origin": [8, 0.5, 8]},
			"faces": {
				"up": {"uv": [2.33333, 6.66667, 2.5, 6.83333], "texture": "#10"},
				"down": {"uv": [2.33333, 6.83333, 2.5, 6.66667], "texture": "#10"}
			}
		},
		{
			"name": "extrusion_pentagram_124",
			"from": [-6, 0.01, 25],
			"to": [-5, 0.01, 28],
			"light_emission": 15,
			"rotation": {"angle": 0, "axis": "y", "origin": [8, 0.5, 8]},
			"faces": {
				"up": {"uv": [1.66667, 6.83333, 1.83333, 7.33333], "texture": "#10"},
				"down": {"uv": [1.66667, 7.33333, 1.83333, 6.83333], "texture": "#10"}
			}
		},
		{
			"name": "extrusion_pentagram_125",
			"from": [21, 0.01, 25],
			"to": [22, 0.01, 28],
			"light_emission": 15,
			"rotation": {"angle": 0, "axis": "y", "origin": [8, 0.5, 8]},
			"faces": {
				"up": {"uv": [6.16667, 6.83333, 6.33333, 7.33333], "texture": "#10"},
				"down": {"uv": [6.16667, 7.33333, 6.33333, 6.83333], "texture": "#10"}
			}
		},
		{
			"name": "extrusion_pentagram_126",
			"from": [-7, 0.01, 27],
			"to": [-6, 0.01, 28],
			"light_emission": 15,
			"rotation": {"angle": 0, "axis": "y", "origin": [8, 0.5, 8]},
			"faces": {
				"up": {"uv": [1.5, 7.16667, 1.66667, 7.33333], "texture": "#10"},
				"down": {"uv": [1.5, 7.33333, 1.66667, 7.16667], "texture": "#10"}
			}
		},
		{
			"name": "extrusion_pentagram_127",
			"from": [22, 0.01, 27],
			"to": [23, 0.01, 28],
			"light_emission": 15,
			"rotation": {"angle": 0, "axis": "y", "origin": [8, 0.5, 8]},
			"faces": {
				"up": {"uv": [6.33333, 7.16667, 6.5, 7.33333], "texture": "#10"},
				"down": {"uv": [6.33333, 7.33333, 6.5, 7.16667], "texture": "#10"}
			}
		},
		{
			"name": "extrusion_pentagram_128",
			"from": [-5, 0.01, 28],
			"to": [3, 0.01, 29],
			"light_emission": 15,
			"rotation": {"angle": 0, "axis": "y", "origin": [8, 0.5, 8]},
			"faces": {
				"up": {"uv": [1.83333, 7.33333, 3.16667, 7.5], "texture": "#10"},
				"down": {"uv": [1.83333, 7.5, 3.16667, 7.33333], "texture": "#10"}
			}
		},
		{
			"name": "extrusion_pentagram_129",
			"from": [13, 0.01, 28],
			"to": [17, 0.01, 31],
			"light_emission": 15,
			"rotation": {"angle": 0, "axis": "y", "origin": [8, 0.5, 8]},
			"faces": {
				"up": {"uv": [4.83333, 7.33333, 5.5, 7.83333], "texture": "#10"},
				"down": {"uv": [4.83333, 7.83333, 5.5, 7.33333], "texture": "#10"}
			}
		},
		{
			"name": "extrusion_pentagram_130",
			"from": [17, 0.01, 28],
			"to": [19, 0.01, 30],
			"light_emission": 15,
			"rotation": {"angle": 0, "axis": "y", "origin": [8, 0.5, 8]},
			"faces": {
				"up": {"uv": [5.5, 7.33333, 5.83333, 7.66667], "texture": "#10"},
				"down": {"uv": [5.5, 7.66667, 5.83333, 7.33333], "texture": "#10"}
			}
		},
		{
			"name": "extrusion_pentagram_131",
			"from": [19, 0.01, 28],
			"to": [21, 0.01, 29],
			"light_emission": 15,
			"rotation": {"angle": 0, "axis": "y", "origin": [8, 0.5, 8]},
			"faces": {
				"up": {"uv": [5.83333, 7.33333, 6.16667, 7.5], "texture": "#10"},
				"down": {"uv": [5.83333, 7.5, 6.16667, 7.33333], "texture": "#10"}
			}
		},
		{
			"name": "extrusion_pentagram_132",
			"from": [-3, 0.01, 29],
			"to": [13, 0.01, 30],
			"light_emission": 15,
			"rotation": {"angle": 0, "axis": "y", "origin": [8, 0.5, 8]},
			"faces": {
				"up": {"uv": [2.16667, 7.5, 4.83333, 7.66667], "texture": "#10"},
				"down": {"uv": [2.16667, 7.66667, 4.83333, 7.5], "texture": "#10"}
			}
		},
		{
			"name": "extrusion_pentagram_133",
			"from": [-1, 0.01, 30],
			"to": [13, 0.01, 31],
			"light_emission": 15,
			"rotation": {"angle": 0, "axis": "y", "origin": [8, 0.5, 8]},
			"faces": {
				"up": {"uv": [2.5, 7.66667, 4.83333, 7.83333], "texture": "#10"},
				"down": {"uv": [2.5, 7.83333, 4.83333, 7.66667], "texture": "#10"}
			}
		},
		{
			"name": "extrusion_pentagram_134",
			"from": [2, 0.01, 31],
			"to": [14, 0.01, 32],
			"light_emission": 15,
			"rotation": {"angle": 0, "axis": "y", "origin": [8, 0.5, 8]},
			"faces": {
				"up": {"uv": [3, 7.83333, 5, 8], "texture": "#10"},
				"down": {"uv": [3, 8, 5, 7.83333], "texture": "#10"}
			}
		}
	],
	"groups": [
		{
			"name": "table",
			"origin": [0, -3, 16],
			"color": 0,
			"children": []
		},
		{
			"name": "extrusion_pentagram",
			"origin": [8, 8, 8],
			"color": 0,
			"children": [
				0,
				1,
				2,
				3,
				4,
				5,
				6,
				7,
				8,
				9,
				10,
				11,
				12,
				13,
				14,
				15,
				16,
				17,
				18,
				19,
				20,
				21,
				22,
				23,
				24,
				25,
				26,
				27,
				28,
				29,
				30,
				31,
				32,
				33,
				34,
				35,
				36,
				37,
				38,
				39,
				40,
				41,
				42,
				43,
				44,
				45,
				46,
				47,
				48,
				49,
				50,
				51,
				52,
				53,
				54,
				55,
				56,
				57,
				58,
				59,
				60,
				61,
				62,
				63,
				64,
				65,
				66,
				67,
				68,
				69,
				70,
				71,
				72,
				73,
				74,
				75,
				76,
				77,
				78,
				79,
				80,
				81,
				82,
				83,
				84,
				85,
				86,
				87,
				88,
				89,
				90,
				91,
				92,
				93,
				94,
				95,
				96,
				97,
				98,
				99,
				100,
				101,
				102,
				103,
				104,
				105,
				106,
				107,
				108,
				109,
				110,
				111,
				112,
				113,
				114,
				115,
				116,
				117,
				118,
				119,
				120,
				121,
				122,
				123,
				124,
				125,
				126,
				127,
				128,
				129,
				130,
				131,
				132,
				133,
				134
			]
		}
	]
}