{
	"credit": "Made with Blockbench",
	"parent": "block/block",
	"textures": {
		"3": "block/enchanting_table_bottom",
		"4": "block/enchanting_table_top",
		"5": "block/enchanting_table_side",
		"6": "block/nature_ring",
		"particle": "block/enchanting_table_side"
	},
	"elements": [
		{
			"from": [0, 0, 0],
			"to": [16, 12, 16],
			"faces": {
				"north": {"uv": [0, 4, 16, 16], "texture": "#5", "cullface": "north"},
				"east": {"uv": [0, 4, 16, 16], "texture": "#5", "cullface": "east"},
				"south": {"uv": [0, 4, 16, 16], "texture": "#5", "cullface": "south"},
				"west": {"uv": [0, 4, 16, 16], "texture": "#5", "cullface": "west"},
				"up": {"uv": [0, 0, 16, 16], "texture": "#4"},
				"down": {"uv": [0, 0, 16, 16], "texture": "#3", "cullface": "down"}
			}
		},
		{
			"name": "green_extrusion_0",
			"from": [7.00005, 0, -15.9988],
			"to": [8.99995, 0.01, -14.99885],
			"light_emission": 15,
			"rotation": {"angle": 0, "axis": "y", "origin": [-15.9988, 0, -15.9988]},
			"faces": {
				"up": {"uv": [3.83333, 0, 4.16667, 0.16667], "texture": "#6"},
				"down": {"uv": [3.83333, 0.16667, 4.16667, 0], "texture": "#6"}
			}
		},
		{
			"name": "green_extrusion_1",
			"from": [6.0001, 0, -14.99885],
			"to": [7.00005, 0.01, -13.9989],
			"light_emission": 15,
			"rotation": {"angle": 0, "axis": "y", "origin": [-15.9988, 0, -15.9988]},
			"faces": {
				"up": {"uv": [3.66667, 0.16667, 3.83333, 0.33333], "texture": "#6"},
				"down": {"uv": [3.66667, 0.33333, 3.83333, 0.16667], "texture": "#6"}
			}
		},
		{
			"name": "green_extrusion_2",
			"from": [8.99995, 0, -14.99885],
			"to": [9.9999, 0.01, -13.9989],
			"light_emission": 15,
			"rotation": {"angle": 0, "axis": "y", "origin": [-15.9988, 0, -15.9988]},
			"faces": {
				"up": {"uv": [4.16667, 0.16667, 4.33333, 0.33333], "texture": "#6"},
				"down": {"uv": [4.16667, 0.33333, 4.33333, 0.16667], "texture": "#6"}
			}
		},
		{
			"name": "green_extrusion_3",
			"from": [2.0003, 0, -13.9989],
			"to": [5.00015, 0.01, -12.99895],
			"light_emission": 15,
			"rotation": {"angle": 0, "axis": "y", "origin": [-15.9988, 0, -15.9988]},
			"faces": {
				"up": {"uv": [3, 0.33333, 3.5, 0.5], "texture": "#6"},
				"down": {"uv": [3, 0.5, 3.5, 0.33333], "texture": "#6"}
			}
		},
		{
			"name": "green_extrusion_4",
			"from": [7.00005, 0, -13.9989],
			"to": [8.99995, 0.01, -12.99895],
			"light_emission": 15,
			"rotation": {"angle": 0, "axis": "y", "origin": [-15.9988, 0, -15.9988]},
			"faces": {
				"up": {"uv": [3.83333, 0.33333, 4.16667, 0.5], "texture": "#6"},
				"down": {"uv": [3.83333, 0.5, 4.16667, 0.33333], "texture": "#6"}
			}
		},
		{
			"name": "green_extrusion_5",
			"from": [10.99985, 0, -13.9989],
			"to": [13.9997, 0.01, -12.99895],
			"light_emission": 15,
			"rotation": {"angle": 0, "axis": "y", "origin": [-15.9988, 0, -15.9988]},
			"faces": {
				"up": {"uv": [4.5, 0.33333, 5, 0.5], "texture": "#6"},
				"down": {"uv": [4.5, 0.5, 5, 0.33333], "texture": "#6"}
			}
		},
		{
			"name": "green_extrusion_6",
			"from": [0.0004, 0, -12.99895],
			"to": [2.0003, 0.01, -11.999],
			"light_emission": 15,
			"rotation": {"angle": 0, "axis": "y", "origin": [-15.9988, 0, -15.9988]},
			"faces": {
				"up": {"uv": [2.66667, 0.5, 3, 0.66667], "texture": "#6"},
				"down": {"uv": [2.66667, 0.66667, 3, 0.5], "texture": "#6"}
			}
		},
		{
			"name": "green_extrusion_7",
			"from": [5.00015, 0, -12.99895],
			"to": [6.0001, 0.01, -11.999],
			"light_emission": 15,
			"rotation": {"angle": 0, "axis": "y", "origin": [-15.9988, 0, -15.9988]},
			"faces": {
				"up": {"uv": [3.5, 0.5, 3.66667, 0.66667], "texture": "#6"},
				"down": {"uv": [3.5, 0.66667, 3.66667, 0.5], "texture": "#6"}
			}
		},
		{
			"name": "green_extrusion_8",
			"from": [9.9999, 0, -12.99895],
			"to": [10.99985, 0.01, -11.999],
			"light_emission": 15,
			"rotation": {"angle": 0, "axis": "y", "origin": [-15.9988, 0, -15.9988]},
			"faces": {
				"up": {"uv": [4.33333, 0.5, 4.5, 0.66667], "texture": "#6"},
				"down": {"uv": [4.33333, 0.66667, 4.5, 0.5], "texture": "#6"}
			}
		},
		{
			"name": "green_extrusion_9",
			"from": [13.9997, 0, -12.99895],
			"to": [15.9996, 0.01, -11.999],
			"light_emission": 15,
			"rotation": {"angle": 0, "axis": "y", "origin": [-15.9988, 0, -15.9988]},
			"faces": {
				"up": {"uv": [5, 0.5, 5.33333, 0.66667], "texture": "#6"},
				"down": {"uv": [5, 0.66667, 5.33333, 0.5], "texture": "#6"}
			}
		},
		{
			"name": "green_extrusion_10",
			"from": [-7.9992, 0, -11.999],
			"to": [-6.99925, 0.01, -10.99905],
			"light_emission": 15,
			"rotation": {"angle": 0, "axis": "y", "origin": [-15.9988, 0, -15.9988]},
			"faces": {
				"up": {"uv": [1.33333, 0.66667, 1.5, 0.83333], "texture": "#6"},
				"down": {"uv": [1.33333, 0.83333, 1.5, 0.66667], "texture": "#6"}
			}
		},
		{
			"name": "green_extrusion_11",
			"from": [-3.9994, 0, -11.999],
			"to": [-2.99945, 0.01, -10.99905],
			"light_emission": 15,
			"rotation": {"angle": 0, "axis": "y", "origin": [-15.9988, 0, -15.9988]},
			"faces": {
				"up": {"uv": [2, 0.66667, 2.16667, 0.83333], "texture": "#6"},
				"down": {"uv": [2, 0.83333, 2.16667, 0.66667], "texture": "#6"}
			}
		},
		{
			"name": "green_extrusion_12",
			"from": [-0.99955, 0, -11.999],
			"to": [0.0004, 0.01, -10.99905],
			"light_emission": 15,
			"rotation": {"angle": 0, "axis": "y", "origin": [-15.9988, 0, -15.9988]},
			"faces": {
				"up": {"uv": [2.5, 0.66667, 2.66667, 0.83333], "texture": "#6"},
				"down": {"uv": [2.5, 0.83333, 2.66667, 0.66667], "texture": "#6"}
			}
		},
		{
			"name": "green_extrusion_13",
			"from": [6.0001, 0, -11.999],
			"to": [7.00005, 0.01, -9.9991],
			"light_emission": 15,
			"rotation": {"angle": 0, "axis": "y", "origin": [-15.9988, 0, -15.9988]},
			"faces": {
				"up": {"uv": [3.66667, 0.66667, 3.83333, 1], "texture": "#6"},
				"down": {"uv": [3.66667, 1, 3.83333, 0.66667], "texture": "#6"}
			}
		},
		{
			"name": "green_extrusion_14",
			"from": [8.99995, 0, -11.999],
			"to": [9.9999, 0.01, -9.9991],
			"light_emission": 15,
			"rotation": {"angle": 0, "axis": "y", "origin": [-15.9988, 0, -15.9988]},
			"faces": {
				"up": {"uv": [4.16667, 0.66667, 4.33333, 1], "texture": "#6"},
				"down": {"uv": [4.16667, 1, 4.33333, 0.66667], "texture": "#6"}
			}
		},
		{
			"name": "green_extrusion_15",
			"from": [15.9996, 0, -11.999],
			"to": [16.99955, 0.01, -10.99905],
			"light_emission": 15,
			"rotation": {"angle": 0, "axis": "y", "origin": [-15.9988, 0, -15.9988]},
			"faces": {
				"up": {"uv": [5.33333, 0.66667, 5.5, 0.83333], "texture": "#6"},
				"down": {"uv": [5.33333, 0.83333, 5.5, 0.66667], "texture": "#6"}
			}
		},
		{
			"name": "green_extrusion_16",
			"from": [18.99945, 0, -11.999],
			"to": [19.9994, 0.01, -10.99905],
			"light_emission": 15,
			"rotation": {"angle": 0, "axis": "y", "origin": [-15.9988, 0, -15.9988]},
			"faces": {
				"up": {"uv": [5.83333, 0.66667, 6, 0.83333], "texture": "#6"},
				"down": {"uv": [5.83333, 0.83333, 6, 0.66667], "texture": "#6"}
			}
		},
		{
			"name": "green_extrusion_17",
			"from": [22.99925, 0, -11.999],
			"to": [23.9992, 0.01, -10.99905],
			"light_emission": 15,
			"rotation": {"angle": 0, "axis": "y", "origin": [-15.9988, 0, -15.9988]},
			"faces": {
				"up": {"uv": [6.5, 0.66667, 6.66667, 0.83333], "texture": "#6"},
				"down": {"uv": [6.5, 0.83333, 6.66667, 0.66667], "texture": "#6"}
			}
		},
		{
			"name": "green_extrusion_18",
			"from": [-8.99915, 0, -10.99905],
			"to": [-7.9992, 0.01, -8.99915],
			"light_emission": 15,
			"rotation": {"angle": 0, "axis": "y", "origin": [-15.9988, 0, -15.9988]},
			"faces": {
				"up": {"uv": [1.16667, 0.83333, 1.33333, 1.16667], "texture": "#6"},
				"down": {"uv": [1.16667, 1.16667, 1.33333, 0.83333], "texture": "#6"}
			}
		},
		{
			"name": "green_extrusion_19",
			"from": [-6.99925, 0, -10.99905],
			"to": [-3.9994, 0.01, -9.9991],
			"light_emission": 15,
			"rotation": {"angle": 0, "axis": "y", "origin": [-15.9988, 0, -15.9988]},
			"faces": {
				"up": {"uv": [1.5, 0.83333, 2, 1], "texture": "#6"},
				"down": {"uv": [1.5, 1, 2, 0.83333], "texture": "#6"}
			}
		},
		{
			"name": "green_extrusion_20",
			"from": [-1.9995, 0, -10.99905],
			"to": [-0.99955, 0.01, -8.99915],
			"light_emission": 15,
			"rotation": {"angle": 0, "axis": "y", "origin": [-15.9988, 0, -15.9988]},
			"faces": {
				"up": {"uv": [2.33333, 0.83333, 2.5, 1.16667], "texture": "#6"},
				"down": {"uv": [2.33333, 1.16667, 2.5, 0.83333], "texture": "#6"}
			}
		},
		{
			"name": "green_extrusion_21",
			"from": [3.00025, 0, -10.99905],
			"to": [4.0002, 0.01, -9.9991],
			"light_emission": 15,
			"rotation": {"angle": 0, "axis": "y", "origin": [-15.9988, 0, -15.9988]},
			"faces": {
				"up": {"uv": [3.16667, 0.83333, 3.33333, 1], "texture": "#6"},
				"down": {"uv": [3.16667, 1, 3.33333, 0.83333], "texture": "#6"}
			}
		},
		{
			"name": "green_extrusion_22",
			"from": [11.9998, 0, -10.99905],
			"to": [12.99975, 0.01, -9.9991],
			"light_emission": 15,
			"rotation": {"angle": 0, "axis": "y", "origin": [-15.9988, 0, -15.9988]},
			"faces": {
				"up": {"uv": [4.66667, 0.83333, 4.83333, 1], "texture": "#6"},
				"down": {"uv": [4.66667, 1, 4.83333, 0.83333], "texture": "#6"}
			}
		},
		{
			"name": "green_extrusion_23",
			"from": [16.99955, 0, -10.99905],
			"to": [17.9995, 0.01, -8.99915],
			"light_emission": 15,
			"rotation": {"angle": 0, "axis": "y", "origin": [-15.9988, 0, -15.9988]},
			"faces": {
				"up": {"uv": [5.5, 0.83333, 5.66667, 1.16667], "texture": "#6"},
				"down": {"uv": [5.5, 1.16667, 5.66667, 0.83333], "texture": "#6"}
			}
		},
		{
			"name": "green_extrusion_24",
			"from": [19.9994, 0, -10.99905],
			"to": [22.99925, 0.01, -9.9991],
			"light_emission": 15,
			"rotation": {"angle": 0, "axis": "y", "origin": [-15.9988, 0, -15.9988]},
			"faces": {
				"up": {"uv": [6, 0.83333, 6.5, 1], "texture": "#6"},
				"down": {"uv": [6, 1, 6.5, 0.83333], "texture": "#6"}
			}
		},
		{
			"name": "green_extrusion_25",
			"from": [23.9992, 0, -10.99905],
			"to": [24.99915, 0.01, -8.99915],
			"light_emission": 15,
			"rotation": {"angle": 0, "axis": "y", "origin": [-15.9988, 0, -15.9988]},
			"faces": {
				"up": {"uv": [6.66667, 0.83333, 6.83333, 1.16667], "texture": "#6"},
				"down": {"uv": [6.66667, 1.16667, 6.83333, 0.83333], "texture": "#6"}
			}
		},
		{
			"name": "green_extrusion_26",
			"from": [-6.99925, 0, -9.9991],
			"to": [-5.9993, 0.01, -8.99915],
			"light_emission": 15,
			"rotation": {"angle": 0, "axis": "y", "origin": [-15.9988, 0, -15.9988]},
			"faces": {
				"up": {"uv": [1.5, 1, 1.66667, 1.16667], "texture": "#6"},
				"down": {"uv": [1.5, 1.16667, 1.66667, 1], "texture": "#6"}
			}
		},
		{
			"name": "green_extrusion_27",
			"from": [4.0002, 0, -9.9991],
			"to": [6.0001, 0.01, -8.99915],
			"light_emission": 15,
			"rotation": {"angle": 0, "axis": "y", "origin": [-15.9988, 0, -15.9988]},
			"faces": {
				"up": {"uv": [3.33333, 1, 3.66667, 1.16667], "texture": "#6"},
				"down": {"uv": [3.33333, 1.16667, 3.66667, 1], "texture": "#6"}
			}
		},
		{
			"name": "green_extrusion_28",
			"from": [9.9999, 0, -9.9991],
			"to": [11.9998, 0.01, -8.99915],
			"light_emission": 15,
			"rotation": {"angle": 0, "axis": "y", "origin": [-15.9988, 0, -15.9988]},
			"faces": {
				"up": {"uv": [4.33333, 1, 4.66667, 1.16667], "texture": "#6"},
				"down": {"uv": [4.33333, 1.16667, 4.66667, 1], "texture": "#6"}
			}
		},
		{
			"name": "green_extrusion_29",
			"from": [21.9993, 0, -9.9991],
			"to": [22.99925, 0.01, -8.99915],
			"light_emission": 15,
			"rotation": {"angle": 0, "axis": "y", "origin": [-15.9988, 0, -15.9988]},
			"faces": {
				"up": {"uv": [6.33333, 1, 6.5, 1.16667], "texture": "#6"},
				"down": {"uv": [6.33333, 1.16667, 6.5, 1], "texture": "#6"}
			}
		},
		{
			"name": "green_extrusion_30",
			"from": [-10.99905, 0, -8.99915],
			"to": [-8.99915, 0.01, -7.9992],
			"light_emission": 15,
			"rotation": {"angle": 0, "axis": "y", "origin": [-15.9988, 0, -15.9988]},
			"faces": {
				"up": {"uv": [0.83333, 1.16667, 1.16667, 1.33333], "texture": "#6"},
				"down": {"uv": [0.83333, 1.33333, 1.16667, 1.16667], "texture": "#6"}
			}
		},
		{
			"name": "green_extrusion_31",
			"from": [-7.9992, 0, -8.99915],
			"to": [-6.99925, 0.01, -6.99925],
			"light_emission": 15,
			"rotation": {"angle": 0, "axis": "y", "origin": [-15.9988, 0, -15.9988]},
			"faces": {
				"up": {"uv": [1.33333, 1.16667, 1.5, 1.5], "texture": "#6"},
				"down": {"uv": [1.33333, 1.5, 1.5, 1.16667], "texture": "#6"}
			}
		},
		{
			"name": "green_extrusion_32",
			"from": [-4.99935, 0, -8.99915],
			"to": [-3.9994, 0.01, -7.9992],
			"light_emission": 15,
			"rotation": {"angle": 0, "axis": "y", "origin": [-15.9988, 0, -15.9988]},
			"faces": {
				"up": {"uv": [1.83333, 1.16667, 2, 1.33333], "texture": "#6"},
				"down": {"uv": [1.83333, 1.33333, 2, 1.16667], "texture": "#6"}
			}
		},
		{
			"name": "green_extrusion_33",
			"from": [-2.99945, 0, -8.99915],
			"to": [-1.9995, 0.01, -6.99925],
			"light_emission": 15,
			"rotation": {"angle": 0, "axis": "y", "origin": [-15.9988, 0, -15.9988]},
			"faces": {
				"up": {"uv": [2.16667, 1.16667, 2.33333, 1.5], "texture": "#6"},
				"down": {"uv": [2.16667, 1.5, 2.33333, 1.16667], "texture": "#6"}
			}
		},
		{
			"name": "green_extrusion_34",
			"from": [7.00005, 0, -8.99915],
			"to": [8.99995, 0.01, -7.9992],
			"light_emission": 15,
			"rotation": {"angle": 0, "axis": "y", "origin": [-15.9988, 0, -15.9988]},
			"faces": {
				"up": {"uv": [3.83333, 1.16667, 4.16667, 1.33333], "texture": "#6"},
				"down": {"uv": [3.83333, 1.33333, 4.16667, 1.16667], "texture": "#6"}
			}
		},
		{
			"name": "green_extrusion_35",
			"from": [17.9995, 0, -8.99915],
			"to": [18.99945, 0.01, -6.99925],
			"light_emission": 15,
			"rotation": {"angle": 0, "axis": "y", "origin": [-15.9988, 0, -15.9988]},
			"faces": {
				"up": {"uv": [5.66667, 1.16667, 5.83333, 1.5], "texture": "#6"},
				"down": {"uv": [5.66667, 1.5, 5.83333, 1.16667], "texture": "#6"}
			}
		},
		{
			"name": "green_extrusion_36",
			"from": [19.9994, 0, -8.99915],
			"to": [20.99935, 0.01, -7.9992],
			"light_emission": 15,
			"rotation": {"angle": 0, "axis": "y", "origin": [-15.9988, 0, -15.9988]},
			"faces": {
				"up": {"uv": [6, 1.16667, 6.16667, 1.33333], "texture": "#6"},
				"down": {"uv": [6, 1.33333, 6.16667, 1.16667], "texture": "#6"}
			}
		},
		{
			"name": "green_extrusion_37",
			"from": [22.99925, 0, -8.99915],
			"to": [23.9992, 0.01, -6.99925],
			"light_emission": 15,
			"rotation": {"angle": 0, "axis": "y", "origin": [-15.9988, 0, -15.9988]},
			"faces": {
				"up": {"uv": [6.5, 1.16667, 6.66667, 1.5], "texture": "#6"},
				"down": {"uv": [6.5, 1.5, 6.66667, 1.16667], "texture": "#6"}
			}
		},
		{
			"name": "green_extrusion_38",
			"from": [24.99915, 0, -8.99915],
			"to": [26.99905, 0.01, -7.9992],
			"light_emission": 15,
			"rotation": {"angle": 0, "axis": "y", "origin": [-15.9988, 0, -15.9988]},
			"faces": {
				"up": {"uv": [6.83333, 1.16667, 7.16667, 1.33333], "texture": "#6"},
				"down": {"uv": [6.83333, 1.33333, 7.16667, 1.16667], "texture": "#6"}
			}
		},
		{
			"name": "green_extrusion_39",
			"from": [-11.999, 0, -7.9992],
			"to": [-10.99905, 0.01, -6.99925],
			"light_emission": 15,
			"rotation": {"angle": 0, "axis": "y", "origin": [-15.9988, 0, -15.9988]},
			"faces": {
				"up": {"uv": [0.66667, 1.33333, 0.83333, 1.5], "texture": "#6"},
				"down": {"uv": [0.66667, 1.5, 0.83333, 1.33333], "texture": "#6"}
			}
		},
		{
			"name": "green_extrusion_40",
			"from": [-8.99915, 0, -7.9992],
			"to": [-7.9992, 0.01, -6.99925],
			"light_emission": 15,
			"rotation": {"angle": 0, "axis": "y", "origin": [-15.9988, 0, -15.9988]},
			"faces": {
				"up": {"uv": [1.16667, 1.33333, 1.33333, 1.5], "texture": "#6"},
				"down": {"uv": [1.16667, 1.5, 1.33333, 1.33333], "texture": "#6"}
			}
		},
		{
			"name": "green_extrusion_41",
			"from": [-5.9993, 0, -7.9992],
			"to": [-4.99935, 0.01, -6.99925],
			"light_emission": 15,
			"rotation": {"angle": 0, "axis": "y", "origin": [-15.9988, 0, -15.9988]},
			"faces": {
				"up": {"uv": [1.66667, 1.33333, 1.83333, 1.5], "texture": "#6"},
				"down": {"uv": [1.66667, 1.5, 1.83333, 1.33333], "texture": "#6"}
			}
		},
		{
			"name": "green_extrusion_42",
			"from": [6.0001, 0, -7.9992],
			"to": [7.00005, 0.01, -6.99925],
			"light_emission": 15,
			"rotation": {"angle": 0, "axis": "y", "origin": [-15.9988, 0, -15.9988]},
			"faces": {
				"up": {"uv": [3.66667, 1.33333, 3.83333, 1.5], "texture": "#6"},
				"down": {"uv": [3.66667, 1.5, 3.83333, 1.33333], "texture": "#6"}
			}
		},
		{
			"name": "green_extrusion_43",
			"from": [8.99995, 0, -7.9992],
			"to": [9.9999, 0.01, -6.99925],
			"light_emission": 15,
			"rotation": {"angle": 0, "axis": "y", "origin": [-15.9988, 0, -15.9988]},
			"faces": {
				"up": {"uv": [4.16667, 1.33333, 4.33333, 1.5], "texture": "#6"},
				"down": {"uv": [4.16667, 1.5, 4.33333, 1.33333], "texture": "#6"}
			}
		},
		{
			"name": "green_extrusion_44",
			"from": [20.99935, 0, -7.9992],
			"to": [21.9993, 0.01, -6.99925],
			"light_emission": 15,
			"rotation": {"angle": 0, "axis": "y", "origin": [-15.9988, 0, -15.9988]},
			"faces": {
				"up": {"uv": [6.16667, 1.33333, 6.33333, 1.5], "texture": "#6"},
				"down": {"uv": [6.16667, 1.5, 6.33333, 1.33333], "texture": "#6"}
			}
		},
		{
			"name": "green_extrusion_45",
			"from": [23.9992, 0, -7.9992],
			"to": [24.99915, 0.01, -6.99925],
			"light_emission": 15,
			"rotation": {"angle": 0, "axis": "y", "origin": [-15.9988, 0, -15.9988]},
			"faces": {
				"up": {"uv": [6.66667, 1.33333, 6.83333, 1.5], "texture": "#6"},
				"down": {"uv": [6.66667, 1.5, 6.83333, 1.33333], "texture": "#6"}
			}
		},
		{
			"name": "green_extrusion_46",
			"from": [26.99905, 0, -7.9992],
			"to": [27.999, 0.01, -6.99925],
			"light_emission": 15,
			"rotation": {"angle": 0, "axis": "y", "origin": [-15.9988, 0, -15.9988]},
			"faces": {
				"up": {"uv": [7.16667, 1.33333, 7.33333, 1.5], "texture": "#6"},
				"down": {"uv": [7.16667, 1.5, 7.33333, 1.33333], "texture": "#6"}
			}
		},
		{
			"name": "green_extrusion_47",
			"from": [-10.99905, 0, -6.99925],
			"to": [-8.99915, 0.01, -5.9993],
			"light_emission": 15,
			"rotation": {"angle": 0, "axis": "y", "origin": [-15.9988, 0, -15.9988]},
			"faces": {
				"up": {"uv": [0.83333, 1.5, 1.16667, 1.66667], "texture": "#6"},
				"down": {"uv": [0.83333, 1.66667, 1.16667, 1.5], "texture": "#6"}
			}
		},
		{
			"name": "green_extrusion_48",
			"from": [-4.99935, 0, -6.99925],
			"to": [-2.99945, 0.01, -5.9993],
			"light_emission": 15,
			"rotation": {"angle": 0, "axis": "y", "origin": [-15.9988, 0, -15.9988]},
			"faces": {
				"up": {"uv": [1.83333, 1.5, 2.16667, 1.66667], "texture": "#6"},
				"down": {"uv": [1.83333, 1.66667, 2.16667, 1.5], "texture": "#6"}
			}
		},
		{
			"name": "green_extrusion_49",
			"from": [7.00005, 0, -6.99925],
			"to": [8.99995, 0.01, -5.9993],
			"light_emission": 15,
			"rotation": {"angle": 0, "axis": "y", "origin": [-15.9988, 0, -15.9988]},
			"faces": {
				"up": {"uv": [3.83333, 1.5, 4.16667, 1.66667], "texture": "#6"},
				"down": {"uv": [3.83333, 1.66667, 4.16667, 1.5], "texture": "#6"}
			}
		},
		{
			"name": "green_extrusion_50",
			"from": [18.99945, 0, -6.99925],
			"to": [20.99935, 0.01, -5.9993],
			"light_emission": 15,
			"rotation": {"angle": 0, "axis": "y", "origin": [-15.9988, 0, -15.9988]},
			"faces": {
				"up": {"uv": [5.83333, 1.5, 6.16667, 1.66667], "texture": "#6"},
				"down": {"uv": [5.83333, 1.66667, 6.16667, 1.5], "texture": "#6"}
			}
		},
		{
			"name": "green_extrusion_51",
			"from": [24.99915, 0, -6.99925],
			"to": [26.99905, 0.01, -5.9993],
			"light_emission": 15,
			"rotation": {"angle": 0, "axis": "y", "origin": [-15.9988, 0, -15.9988]},
			"faces": {
				"up": {"uv": [6.83333, 1.5, 7.16667, 1.66667], "texture": "#6"},
				"down": {"uv": [6.83333, 1.66667, 7.16667, 1.5], "texture": "#6"}
			}
		},
		{
			"name": "green_extrusion_52",
			"from": [-10.99905, 0, -5.9993],
			"to": [-9.9991, 0.01, -3.9994],
			"light_emission": 15,
			"rotation": {"angle": 0, "axis": "y", "origin": [-15.9988, 0, -15.9988]},
			"faces": {
				"up": {"uv": [0.83333, 1.66667, 1, 2], "texture": "#6"},
				"down": {"uv": [0.83333, 2, 1, 1.66667], "texture": "#6"}
			}
		},
		{
			"name": "green_extrusion_53",
			"from": [-7.9992, 0, -5.9993],
			"to": [-6.99925, 0.01, -4.99935],
			"light_emission": 15,
			"rotation": {"angle": 0, "axis": "y", "origin": [-15.9988, 0, -15.9988]},
			"faces": {
				"up": {"uv": [1.33333, 1.66667, 1.5, 1.83333], "texture": "#6"},
				"down": {"uv": [1.33333, 1.83333, 1.5, 1.66667], "texture": "#6"}
			}
		},
		{
			"name": "green_extrusion_54",
			"from": [22.99925, 0, -5.9993],
			"to": [23.9992, 0.01, -4.99935],
			"light_emission": 15,
			"rotation": {"angle": 0, "axis": "y", "origin": [-15.9988, 0, -15.9988]},
			"faces": {
				"up": {"uv": [6.5, 1.66667, 6.66667, 1.83333], "texture": "#6"},
				"down": {"uv": [6.5, 1.83333, 6.66667, 1.66667], "texture": "#6"}
			}
		},
		{
			"name": "green_extrusion_55",
			"from": [25.9991, 0, -5.9993],
			"to": [26.99905, 0.01, -3.9994],
			"light_emission": 15,
			"rotation": {"angle": 0, "axis": "y", "origin": [-15.9988, 0, -15.9988]},
			"faces": {
				"up": {"uv": [7, 1.66667, 7.16667, 2], "texture": "#6"},
				"down": {"uv": [7, 2, 7.16667, 1.66667], "texture": "#6"}
			}
		},
		{
			"name": "green_extrusion_56",
			"from": [-8.99915, 0, -4.99935],
			"to": [-7.9992, 0.01, -3.9994],
			"light_emission": 15,
			"rotation": {"angle": 0, "axis": "y", "origin": [-15.9988, 0, -15.9988]},
			"faces": {
				"up": {"uv": [1.16667, 1.83333, 1.33333, 2], "texture": "#6"},
				"down": {"uv": [1.16667, 2, 1.33333, 1.83333], "texture": "#6"}
			}
		},
		{
			"name": "green_extrusion_57",
			"from": [-6.99925, 0, -4.99935],
			"to": [-5.9993, 0.01, -2.99945],
			"light_emission": 15,
			"rotation": {"angle": 0, "axis": "y", "origin": [-15.9988, 0, -15.9988]},
			"faces": {
				"up": {"uv": [1.5, 1.83333, 1.66667, 2.16667], "texture": "#6"},
				"down": {"uv": [1.5, 2.16667, 1.66667, 1.83333], "texture": "#6"}
			}
		},
		{
			"name": "green_extrusion_58",
			"from": [-4.99935, 0, -4.99935],
			"to": [-2.99945, 0.01, -3.9994],
			"light_emission": 15,
			"rotation": {"angle": 0, "axis": "y", "origin": [-15.9988, 0, -15.9988]},
			"faces": {
				"up": {"uv": [1.83333, 1.83333, 2.16667, 2], "texture": "#6"},
				"down": {"uv": [1.83333, 2, 2.16667, 1.83333], "texture": "#6"}
			}
		},
		{
			"name": "green_extrusion_59",
			"from": [18.99945, 0, -4.99935],
			"to": [20.99935, 0.01, -3.9994],
			"light_emission": 15,
			"rotation": {"angle": 0, "axis": "y", "origin": [-15.9988, 0, -15.9988]},
			"faces": {
				"up": {"uv": [5.83333, 1.83333, 6.16667, 2], "texture": "#6"},
				"down": {"uv": [5.83333, 2, 6.16667, 1.83333], "texture": "#6"}
			}
		},
		{
			"name": "green_extrusion_60",
			"from": [21.9993, 0, -4.99935],
			"to": [22.99925, 0.01, -2.99945],
			"light_emission": 15,
			"rotation": {"angle": 0, "axis": "y", "origin": [-15.9988, 0, -15.9988]},
			"faces": {
				"up": {"uv": [6.33333, 1.83333, 6.5, 2.16667], "texture": "#6"},
				"down": {"uv": [6.33333, 2.16667, 6.5, 1.83333], "texture": "#6"}
			}
		},
		{
			"name": "green_extrusion_61",
			"from": [23.9992, 0, -4.99935],
			"to": [24.99915, 0.01, -3.9994],
			"light_emission": 15,
			"rotation": {"angle": 0, "axis": "y", "origin": [-15.9988, 0, -15.9988]},
			"faces": {
				"up": {"uv": [6.66667, 1.83333, 6.83333, 2], "texture": "#6"},
				"down": {"uv": [6.66667, 2, 6.83333, 1.83333], "texture": "#6"}
			}
		},
		{
			"name": "green_extrusion_62",
			"from": [-11.999, 0, -3.9994],
			"to": [-10.99905, 0.01, -2.99945],
			"light_emission": 15,
			"rotation": {"angle": 0, "axis": "y", "origin": [-15.9988, 0, -15.9988]},
			"faces": {
				"up": {"uv": [0.66667, 2, 0.83333, 2.16667], "texture": "#6"},
				"down": {"uv": [0.66667, 2.16667, 0.83333, 2], "texture": "#6"}
			}
		},
		{
			"name": "green_extrusion_63",
			"from": [-4.99935, 0, -3.9994],
			"to": [-3.9994, 0.01, -2.99945],
			"light_emission": 15,
			"rotation": {"angle": 0, "axis": "y", "origin": [-15.9988, 0, -15.9988]},
			"faces": {
				"up": {"uv": [1.83333, 2, 2, 2.16667], "texture": "#6"},
				"down": {"uv": [1.83333, 2.16667, 2, 2], "texture": "#6"}
			}
		},
		{
			"name": "green_extrusion_64",
			"from": [-2.99945, 0, -3.9994],
			"to": [-1.9995, 0.01, -1.9995],
			"light_emission": 15,
			"rotation": {"angle": 0, "axis": "y", "origin": [-15.9988, 0, -15.9988]},
			"faces": {
				"up": {"uv": [2.16667, 2, 2.33333, 2.33333], "texture": "#6"},
				"down": {"uv": [2.16667, 2.33333, 2.33333, 2], "texture": "#6"}
			}
		},
		{
			"name": "green_extrusion_65",
			"from": [17.9995, 0, -3.9994],
			"to": [18.99945, 0.01, -1.9995],
			"light_emission": 15,
			"rotation": {"angle": 0, "axis": "y", "origin": [-15.9988, 0, -15.9988]},
			"faces": {
				"up": {"uv": [5.66667, 2, 5.83333, 2.33333], "texture": "#6"},
				"down": {"uv": [5.66667, 2.33333, 5.83333, 2], "texture": "#6"}
			}
		},
		{
			"name": "green_extrusion_66",
			"from": [19.9994, 0, -3.9994],
			"to": [20.99935, 0.01, -2.99945],
			"light_emission": 15,
			"rotation": {"angle": 0, "axis": "y", "origin": [-15.9988, 0, -15.9988]},
			"faces": {
				"up": {"uv": [6, 2, 6.16667, 2.16667], "texture": "#6"},
				"down": {"uv": [6, 2.16667, 6.16667, 2], "texture": "#6"}
			}
		},
		{
			"name": "green_extrusion_67",
			"from": [26.99905, 0, -3.9994],
			"to": [27.999, 0.01, -2.99945],
			"light_emission": 15,
			"rotation": {"angle": 0, "axis": "y", "origin": [-15.9988, 0, -15.9988]},
			"faces": {
				"up": {"uv": [7.16667, 2, 7.33333, 2.16667], "texture": "#6"},
				"down": {"uv": [7.16667, 2.16667, 7.33333, 2], "texture": "#6"}
			}
		},
		{
			"name": "green_extrusion_68",
			"from": [-8.99915, 0, -2.99945],
			"to": [-6.99925, 0.01, -1.9995],
			"light_emission": 15,
			"rotation": {"angle": 0, "axis": "y", "origin": [-15.9988, 0, -15.9988]},
			"faces": {
				"up": {"uv": [1.16667, 2.16667, 1.5, 2.33333], "texture": "#6"},
				"down": {"uv": [1.16667, 2.33333, 1.5, 2.16667], "texture": "#6"}
			}
		},
		{
			"name": "green_extrusion_69",
			"from": [-3.9994, 0, -2.99945],
			"to": [-2.99945, 0.01, -1.9995],
			"light_emission": 15,
			"rotation": {"angle": 0, "axis": "y", "origin": [-15.9988, 0, -15.9988]},
			"faces": {
				"up": {"uv": [2, 2.16667, 2.16667, 2.33333], "texture": "#6"},
				"down": {"uv": [2, 2.33333, 2.16667, 2.16667], "texture": "#6"}
			}
		},
		{
			"name": "green_extrusion_70",
			"from": [18.99945, 0, -2.99945],
			"to": [19.9994, 0.01, -1.9995],
			"light_emission": 15,
			"rotation": {"angle": 0, "axis": "y", "origin": [-15.9988, 0, -15.9988]},
			"faces": {
				"up": {"uv": [5.83333, 2.16667, 6, 2.33333], "texture": "#6"},
				"down": {"uv": [5.83333, 2.33333, 6, 2.16667], "texture": "#6"}
			}
		},
		{
			"name": "green_extrusion_71",
			"from": [22.99925, 0, -2.99945],
			"to": [24.99915, 0.01, -1.9995],
			"light_emission": 15,
			"rotation": {"angle": 0, "axis": "y", "origin": [-15.9988, 0, -15.9988]},
			"faces": {
				"up": {"uv": [6.5, 2.16667, 6.83333, 2.33333], "texture": "#6"},
				"down": {"uv": [6.5, 2.33333, 6.83333, 2.16667], "texture": "#6"}
			}
		},
		{
			"name": "green_extrusion_72",
			"from": [-10.99905, 0, -1.9995],
			"to": [-8.99915, 0.01, -0.99955],
			"light_emission": 15,
			"rotation": {"angle": 0, "axis": "y", "origin": [-15.9988, 0, -15.9988]},
			"faces": {
				"up": {"uv": [0.83333, 2.33333, 1.16667, 2.5], "texture": "#6"},
				"down": {"uv": [0.83333, 2.5, 1.16667, 2.33333], "texture": "#6"}
			}
		},
		{
			"name": "green_extrusion_73",
			"from": [24.99915, 0, -1.9995],
			"to": [26.99905, 0.01, -0.99955],
			"light_emission": 15,
			"rotation": {"angle": 0, "axis": "y", "origin": [-15.9988, 0, -15.9988]},
			"faces": {
				"up": {"uv": [6.83333, 2.33333, 7.16667, 2.5], "texture": "#6"},
				"down": {"uv": [6.83333, 2.5, 7.16667, 2.33333], "texture": "#6"}
			}
		},
		{
			"name": "green_extrusion_74",
			"from": [-11.999, 0, -0.99955],
			"to": [-10.99905, 0.01, 0.0004],
			"light_emission": 15,
			"rotation": {"angle": 0, "axis": "y", "origin": [-15.9988, 0, -15.9988]},
			"faces": {
				"up": {"uv": [0.66667, 2.5, 0.83333, 2.66667], "texture": "#6"},
				"down": {"uv": [0.66667, 2.66667, 0.83333, 2.5], "texture": "#6"}
			}
		},
		{
			"name": "green_extrusion_75",
			"from": [26.99905, 0, -0.99955],
			"to": [27.999, 0.01, 0.0004],
			"light_emission": 15,
			"rotation": {"angle": 0, "axis": "y", "origin": [-15.9988, 0, -15.9988]},
			"faces": {
				"up": {"uv": [7.16667, 2.5, 7.33333, 2.66667], "texture": "#6"},
				"down": {"uv": [7.16667, 2.66667, 7.33333, 2.5], "texture": "#6"}
			}
		},
		{
			"name": "green_extrusion_76",
			"from": [-12.99895, 0, 0.0004],
			"to": [-11.999, 0.01, 2.0003],
			"light_emission": 15,
			"rotation": {"angle": 0, "axis": "y", "origin": [-15.9988, 0, -15.9988]},
			"faces": {
				"up": {"uv": [0.5, 2.66667, 0.66667, 3], "texture": "#6"},
				"down": {"uv": [0.5, 3, 0.66667, 2.66667], "texture": "#6"}
			}
		},
		{
			"name": "green_extrusion_77",
			"from": [27.999, 0, 0.0004],
			"to": [28.99895, 0.01, 2.0003],
			"light_emission": 15,
			"rotation": {"angle": 0, "axis": "y", "origin": [-15.9988, 0, -15.9988]},
			"faces": {
				"up": {"uv": [7.33333, 2.66667, 7.5, 3], "texture": "#6"},
				"down": {"uv": [7.33333, 3, 7.5, 2.66667], "texture": "#6"}
			}
		},
		{
			"name": "green_extrusion_78",
			"from": [-13.9989, 0, 2.0003],
			"to": [-12.99895, 0.01, 5.00015],
			"light_emission": 15,
			"rotation": {"angle": 0, "axis": "y", "origin": [-15.9988, 0, -15.9988]},
			"faces": {
				"up": {"uv": [0.33333, 3, 0.5, 3.5], "texture": "#6"},
				"down": {"uv": [0.33333, 3.5, 0.5, 3], "texture": "#6"}
			}
		},
		{
			"name": "green_extrusion_79",
			"from": [28.99895, 0, 2.0003],
			"to": [29.9989, 0.01, 5.00015],
			"light_emission": 15,
			"rotation": {"angle": 0, "axis": "y", "origin": [-15.9988, 0, -15.9988]},
			"faces": {
				"up": {"uv": [7.5, 3, 7.66667, 3.5], "texture": "#6"},
				"down": {"uv": [7.5, 3.5, 7.66667, 3], "texture": "#6"}
			}
		},
		{
			"name": "green_extrusion_80",
			"from": [-10.99905, 0, 3.00025],
			"to": [-9.9991, 0.01, 4.0002],
			"light_emission": 15,
			"rotation": {"angle": 0, "axis": "y", "origin": [-15.9988, 0, -15.9988]},
			"faces": {
				"up": {"uv": [0.83333, 3.16667, 1, 3.33333], "texture": "#6"},
				"down": {"uv": [0.83333, 3.33333, 1, 3.16667], "texture": "#6"}
			}
		},
		{
			"name": "green_extrusion_81",
			"from": [25.9991, 0, 3.00025],
			"to": [26.99905, 0.01, 4.0002],
			"light_emission": 15,
			"rotation": {"angle": 0, "axis": "y", "origin": [-15.9988, 0, -15.9988]},
			"faces": {
				"up": {"uv": [7, 3.16667, 7.16667, 3.33333], "texture": "#6"},
				"down": {"uv": [7, 3.33333, 7.16667, 3.16667], "texture": "#6"}
			}
		},
		{
			"name": "green_extrusion_82",
			"from": [-9.9991, 0, 4.0002],
			"to": [-8.99915, 0.01, 6.0001],
			"light_emission": 15,
			"rotation": {"angle": 0, "axis": "y", "origin": [-15.9988, 0, -15.9988]},
			"faces": {
				"up": {"uv": [1, 3.33333, 1.16667, 3.66667], "texture": "#6"},
				"down": {"uv": [1, 3.66667, 1.16667, 3.33333], "texture": "#6"}
			}
		},
		{
			"name": "green_extrusion_83",
			"from": [24.99915, 0, 4.0002],
			"to": [25.9991, 0.01, 6.0001],
			"light_emission": 15,
			"rotation": {"angle": 0, "axis": "y", "origin": [-15.9988, 0, -15.9988]},
			"faces": {
				"up": {"uv": [6.83333, 3.33333, 7, 3.66667], "texture": "#6"},
				"down": {"uv": [6.83333, 3.66667, 7, 3.33333], "texture": "#6"}
			}
		},
		{
			"name": "green_extrusion_84",
			"from": [-12.99895, 0, 5.00015],
			"to": [-11.999, 0.01, 6.0001],
			"light_emission": 15,
			"rotation": {"angle": 0, "axis": "y", "origin": [-15.9988, 0, -15.9988]},
			"faces": {
				"up": {"uv": [0.5, 3.5, 0.66667, 3.66667], "texture": "#6"},
				"down": {"uv": [0.5, 3.66667, 0.66667, 3.5], "texture": "#6"}
			}
		},
		{
			"name": "green_extrusion_85",
			"from": [27.999, 0, 5.00015],
			"to": [28.99895, 0.01, 6.0001],
			"light_emission": 15,
			"rotation": {"angle": 0, "axis": "y", "origin": [-15.9988, 0, -15.9988]},
			"faces": {
				"up": {"uv": [7.33333, 3.5, 7.5, 3.66667], "texture": "#6"},
				"down": {"uv": [7.33333, 3.66667, 7.5, 3.5], "texture": "#6"}
			}
		},
		{
			"name": "green_extrusion_86",
			"from": [-14.99885, 0, 6.0001],
			"to": [-13.9989, 0.01, 7.00005],
			"light_emission": 15,
			"rotation": {"angle": 0, "axis": "y", "origin": [-15.9988, 0, -15.9988]},
			"faces": {
				"up": {"uv": [0.16667, 3.66667, 0.33333, 3.83333], "texture": "#6"},
				"down": {"uv": [0.16667, 3.83333, 0.33333, 3.66667], "texture": "#6"}
			}
		},
		{
			"name": "green_extrusion_87",
			"from": [-11.999, 0, 6.0001],
			"to": [-9.9991, 0.01, 7.00005],
			"light_emission": 15,
			"rotation": {"angle": 0, "axis": "y", "origin": [-15.9988, 0, -15.9988]},
			"faces": {
				"up": {"uv": [0.66667, 3.66667, 1, 3.83333], "texture": "#6"},
				"down": {"uv": [0.66667, 3.83333, 1, 3.66667], "texture": "#6"}
			}
		},
		{
			"name": "green_extrusion_88",
			"from": [-7.9992, 0, 6.0001],
			"to": [-6.99925, 0.01, 7.00005],
			"light_emission": 15,
			"rotation": {"angle": 0, "axis": "y", "origin": [-15.9988, 0, -15.9988]},
			"faces": {
				"up": {"uv": [1.33333, 3.66667, 1.5, 3.83333], "texture": "#6"},
				"down": {"uv": [1.33333, 3.83333, 1.5, 3.66667], "texture": "#6"}
			}
		},
		{
			"name": "green_extrusion_89",
			"from": [22.99925, 0, 6.0001],
			"to": [23.9992, 0.01, 7.00005],
			"light_emission": 15,
			"rotation": {"angle": 0, "axis": "y", "origin": [-15.9988, 0, -15.9988]},
			"faces": {
				"up": {"uv": [6.5, 3.66667, 6.66667, 3.83333], "texture": "#6"},
				"down": {"uv": [6.5, 3.83333, 6.66667, 3.66667], "texture": "#6"}
			}
		},
		{
			"name": "green_extrusion_90",
			"from": [25.9991, 0, 6.0001],
			"to": [27.999, 0.01, 7.00005],
			"light_emission": 15,
			"rotation": {"angle": 0, "axis": "y", "origin": [-15.9988, 0, -15.9988]},
			"faces": {
				"up": {"uv": [7, 3.66667, 7.33333, 3.83333], "texture": "#6"},
				"down": {"uv": [7, 3.83333, 7.33333, 3.66667], "texture": "#6"}
			}
		},
		{
			"name": "green_extrusion_91",
			"from": [29.9989, 0, 6.0001],
			"to": [30.99885, 0.01, 7.00005],
			"light_emission": 15,
			"rotation": {"angle": 0, "axis": "y", "origin": [-15.9988, 0, -15.9988]},
			"faces": {
				"up": {"uv": [7.66667, 3.66667, 7.83333, 3.83333], "texture": "#6"},
				"down": {"uv": [7.66667, 3.83333, 7.83333, 3.66667], "texture": "#6"}
			}
		},
		{
			"name": "green_extrusion_92",
			"from": [-15.9988, 0, 7.00005],
			"to": [-14.99885, 0.01, 8.99995],
			"light_emission": 15,
			"rotation": {"angle": 0, "axis": "y", "origin": [-15.9988, 0, -15.9988]},
			"faces": {
				"up": {"uv": [0, 3.83333, 0.16667, 4.16667], "texture": "#6"},
				"down": {"uv": [0, 4.16667, 0.16667, 3.83333], "texture": "#6"}
			}
		},
		{
			"name": "green_extrusion_93",
			"from": [-13.9989, 0, 7.00005],
			"to": [-12.99895, 0.01, 8.99995],
			"light_emission": 15,
			"rotation": {"angle": 0, "axis": "y", "origin": [-15.9988, 0, -15.9988]},
			"faces": {
				"up": {"uv": [0.33333, 3.83333, 0.5, 4.16667], "texture": "#6"},
				"down": {"uv": [0.33333, 4.16667, 0.5, 3.83333], "texture": "#6"}
			}
		},
		{
			"name": "green_extrusion_94",
			"from": [-8.99915, 0, 7.00005],
			"to": [-7.9992, 0.01, 8.99995],
			"light_emission": 15,
			"rotation": {"angle": 0, "axis": "y", "origin": [-15.9988, 0, -15.9988]},
			"faces": {
				"up": {"uv": [1.16667, 3.83333, 1.33333, 4.16667], "texture": "#6"},
				"down": {"uv": [1.16667, 4.16667, 1.33333, 3.83333], "texture": "#6"}
			}
		},
		{
			"name": "green_extrusion_95",
			"from": [-6.99925, 0, 7.00005],
			"to": [-5.9993, 0.01, 8.99995],
			"light_emission": 15,
			"rotation": {"angle": 0, "axis": "y", "origin": [-15.9988, 0, -15.9988]},
			"faces": {
				"up": {"uv": [1.5, 3.83333, 1.66667, 4.16667], "texture": "#6"},
				"down": {"uv": [1.5, 4.16667, 1.66667, 3.83333], "texture": "#6"}
			}
		},
		{
			"name": "green_extrusion_96",
			"from": [21.9993, 0, 7.00005],
			"to": [22.99925, 0.01, 8.99995],
			"light_emission": 15,
			"rotation": {"angle": 0, "axis": "y", "origin": [-15.9988, 0, -15.9988]},
			"faces": {
				"up": {"uv": [6.33333, 3.83333, 6.5, 4.16667], "texture": "#6"},
				"down": {"uv": [6.33333, 4.16667, 6.5, 3.83333], "texture": "#6"}
			}
		},
		{
			"name": "green_extrusion_97",
			"from": [23.9992, 0, 7.00005],
			"to": [24.99915, 0.01, 8.99995],
			"light_emission": 15,
			"rotation": {"angle": 0, "axis": "y", "origin": [-15.9988, 0, -15.9988]},
			"faces": {
				"up": {"uv": [6.66667, 3.83333, 6.83333, 4.16667], "texture": "#6"},
				"down": {"uv": [6.66667, 4.16667, 6.83333, 3.83333], "texture": "#6"}
			}
		},
		{
			"name": "green_extrusion_98",
			"from": [28.99895, 0, 7.00005],
			"to": [29.9989, 0.01, 8.99995],
			"light_emission": 15,
			"rotation": {"angle": 0, "axis": "y", "origin": [-15.9988, 0, -15.9988]},
			"faces": {
				"up": {"uv": [7.5, 3.83333, 7.66667, 4.16667], "texture": "#6"},
				"down": {"uv": [7.5, 4.16667, 7.66667, 3.83333], "texture": "#6"}
			}
		},
		{
			"name": "green_extrusion_99",
			"from": [30.99885, 0, 7.00005],
			"to": [31.9988, 0.01, 8.99995],
			"light_emission": 15,
			"rotation": {"angle": 0, "axis": "y", "origin": [-15.9988, 0, -15.9988]},
			"faces": {
				"up": {"uv": [7.83333, 3.83333, 8, 4.16667], "texture": "#6"},
				"down": {"uv": [7.83333, 4.16667, 8, 3.83333], "texture": "#6"}
			}
		},
		{
			"name": "green_extrusion_100",
			"from": [-14.99885, 0, 8.99995],
			"to": [-13.9989, 0.01, 9.9999],
			"light_emission": 15,
			"rotation": {"angle": 0, "axis": "y", "origin": [-15.9988, 0, -15.9988]},
			"faces": {
				"up": {"uv": [0.16667, 4.16667, 0.33333, 4.33333], "texture": "#6"},
				"down": {"uv": [0.16667, 4.33333, 0.33333, 4.16667], "texture": "#6"}
			}
		},
		{
			"name": "green_extrusion_101",
			"from": [-11.999, 0, 8.99995],
			"to": [-9.9991, 0.01, 9.9999],
			"light_emission": 15,
			"rotation": {"angle": 0, "axis": "y", "origin": [-15.9988, 0, -15.9988]},
			"faces": {
				"up": {"uv": [0.66667, 4.16667, 1, 4.33333], "texture": "#6"},
				"down": {"uv": [0.66667, 4.33333, 1, 4.16667], "texture": "#6"}
			}
		},
		{
			"name": "green_extrusion_102",
			"from": [-7.9992, 0, 8.99995],
			"to": [-6.99925, 0.01, 9.9999],
			"light_emission": 15,
			"rotation": {"angle": 0, "axis": "y", "origin": [-15.9988, 0, -15.9988]},
			"faces": {
				"up": {"uv": [1.33333, 4.16667, 1.5, 4.33333], "texture": "#6"},
				"down": {"uv": [1.33333, 4.33333, 1.5, 4.16667], "texture": "#6"}
			}
		},
		{
			"name": "green_extrusion_103",
			"from": [22.99925, 0, 8.99995],
			"to": [23.9992, 0.01, 9.9999],
			"light_emission": 15,
			"rotation": {"angle": 0, "axis": "y", "origin": [-15.9988, 0, -15.9988]},
			"faces": {
				"up": {"uv": [6.5, 4.16667, 6.66667, 4.33333], "texture": "#6"},
				"down": {"uv": [6.5, 4.33333, 6.66667, 4.16667], "texture": "#6"}
			}
		},
		{
			"name": "green_extrusion_104",
			"from": [25.9991, 0, 8.99995],
			"to": [27.999, 0.01, 9.9999],
			"light_emission": 15,
			"rotation": {"angle": 0, "axis": "y", "origin": [-15.9988, 0, -15.9988]},
			"faces": {
				"up": {"uv": [7, 4.16667, 7.33333, 4.33333], "texture": "#6"},
				"down": {"uv": [7, 4.33333, 7.33333, 4.16667], "texture": "#6"}
			}
		},
		{
			"name": "green_extrusion_105",
			"from": [29.9989, 0, 8.99995],
			"to": [30.99885, 0.01, 9.9999],
			"light_emission": 15,
			"rotation": {"angle": 0, "axis": "y", "origin": [-15.9988, 0, -15.9988]},
			"faces": {
				"up": {"uv": [7.66667, 4.16667, 7.83333, 4.33333], "texture": "#6"},
				"down": {"uv": [7.66667, 4.33333, 7.83333, 4.16667], "texture": "#6"}
			}
		},
		{
			"name": "green_extrusion_106",
			"from": [-12.99895, 0, 9.9999],
			"to": [-11.999, 0.01, 10.99985],
			"light_emission": 15,
			"rotation": {"angle": 0, "axis": "y", "origin": [-15.9988, 0, -15.9988]},
			"faces": {
				"up": {"uv": [0.5, 4.33333, 0.66667, 4.5], "texture": "#6"},
				"down": {"uv": [0.5, 4.5, 0.66667, 4.33333], "texture": "#6"}
			}
		},
		{
			"name": "green_extrusion_107",
			"from": [-9.9991, 0, 9.9999],
			"to": [-8.99915, 0.01, 11.9998],
			"light_emission": 15,
			"rotation": {"angle": 0, "axis": "y", "origin": [-15.9988, 0, -15.9988]},
			"faces": {
				"up": {"uv": [1, 4.33333, 1.16667, 4.66667], "texture": "#6"},
				"down": {"uv": [1, 4.66667, 1.16667, 4.33333], "texture": "#6"}
			}
		},
		{
			"name": "green_extrusion_108",
			"from": [24.99915, 0, 9.9999],
			"to": [25.9991, 0.01, 11.9998],
			"light_emission": 15,
			"rotation": {"angle": 0, "axis": "y", "origin": [-15.9988, 0, -15.9988]},
			"faces": {
				"up": {"uv": [6.83333, 4.33333, 7, 4.66667], "texture": "#6"},
				"down": {"uv": [6.83333, 4.66667, 7, 4.33333], "texture": "#6"}
			}
		},
		{
			"name": "green_extrusion_109",
			"from": [27.999, 0, 9.9999],
			"to": [28.99895, 0.01, 10.99985],
			"light_emission": 15,
			"rotation": {"angle": 0, "axis": "y", "origin": [-15.9988, 0, -15.9988]},
			"faces": {
				"up": {"uv": [7.33333, 4.33333, 7.5, 4.5], "texture": "#6"},
				"down": {"uv": [7.33333, 4.5, 7.5, 4.33333], "texture": "#6"}
			}
		},
		{
			"name": "green_extrusion_110",
			"from": [-13.9989, 0, 10.99985],
			"to": [-12.99895, 0.01, 13.9997],
			"light_emission": 15,
			"rotation": {"angle": 0, "axis": "y", "origin": [-15.9988, 0, -15.9988]},
			"faces": {
				"up": {"uv": [0.33333, 4.5, 0.5, 5], "texture": "#6"},
				"down": {"uv": [0.33333, 5, 0.5, 4.5], "texture": "#6"}
			}
		},
		{
			"name": "green_extrusion_111",
			"from": [28.99895, 0, 10.99985],
			"to": [29.9989, 0.01, 13.9997],
			"light_emission": 15,
			"rotation": {"angle": 0, "axis": "y", "origin": [-15.9988, 0, -15.9988]},
			"faces": {
				"up": {"uv": [7.5, 4.5, 7.66667, 5], "texture": "#6"},
				"down": {"uv": [7.5, 5, 7.66667, 4.5], "texture": "#6"}
			}
		},
		{
			"name": "green_extrusion_112",
			"from": [-10.99905, 0, 11.9998],
			"to": [-9.9991, 0.01, 12.99975],
			"light_emission": 15,
			"rotation": {"angle": 0, "axis": "y", "origin": [-15.9988, 0, -15.9988]},
			"faces": {
				"up": {"uv": [0.83333, 4.66667, 1, 4.83333], "texture": "#6"},
				"down": {"uv": [0.83333, 4.83333, 1, 4.66667], "texture": "#6"}
			}
		},
		{
			"name": "green_extrusion_113",
			"from": [25.9991, 0, 11.9998],
			"to": [26.99905, 0.01, 12.99975],
			"light_emission": 15,
			"rotation": {"angle": 0, "axis": "y", "origin": [-15.9988, 0, -15.9988]},
			"faces": {
				"up": {"uv": [7, 4.66667, 7.16667, 4.83333], "texture": "#6"},
				"down": {"uv": [7, 4.83333, 7.16667, 4.66667], "texture": "#6"}
			}
		},
		{
			"name": "green_extrusion_114",
			"from": [-12.99895, 0, 13.9997],
			"to": [-11.999, 0.01, 15.9996],
			"light_emission": 15,
			"rotation": {"angle": 0, "axis": "y", "origin": [-15.9988, 0, -15.9988]},
			"faces": {
				"up": {"uv": [0.5, 5, 0.66667, 5.33333], "texture": "#6"},
				"down": {"uv": [0.5, 5.33333, 0.66667, 5], "texture": "#6"}
			}
		},
		{
			"name": "green_extrusion_115",
			"from": [27.999, 0, 13.9997],
			"to": [28.99895, 0.01, 15.9996],
			"light_emission": 15,
			"rotation": {"angle": 0, "axis": "y", "origin": [-15.9988, 0, -15.9988]},
			"faces": {
				"up": {"uv": [7.33333, 5, 7.5, 5.33333], "texture": "#6"},
				"down": {"uv": [7.33333, 5.33333, 7.5, 5], "texture": "#6"}
			}
		},
		{
			"name": "green_extrusion_116",
			"from": [-11.999, 0, 15.9996],
			"to": [-10.99905, 0.01, 16.99955],
			"light_emission": 15,
			"rotation": {"angle": 0, "axis": "y", "origin": [-15.9988, 0, -15.9988]},
			"faces": {
				"up": {"uv": [0.66667, 5.33333, 0.83333, 5.5], "texture": "#6"},
				"down": {"uv": [0.66667, 5.5, 0.83333, 5.33333], "texture": "#6"}
			}
		},
		{
			"name": "green_extrusion_117",
			"from": [26.99905, 0, 15.9996],
			"to": [27.999, 0.01, 16.99955],
			"light_emission": 15,
			"rotation": {"angle": 0, "axis": "y", "origin": [-15.9988, 0, -15.9988]},
			"faces": {
				"up": {"uv": [7.16667, 5.33333, 7.33333, 5.5], "texture": "#6"},
				"down": {"uv": [7.16667, 5.5, 7.33333, 5.33333], "texture": "#6"}
			}
		},
		{
			"name": "green_extrusion_118",
			"from": [-10.99905, 0, 16.99955],
			"to": [-8.99915, 0.01, 17.9995],
			"light_emission": 15,
			"rotation": {"angle": 0, "axis": "y", "origin": [-15.9988, 0, -15.9988]},
			"faces": {
				"up": {"uv": [0.83333, 5.5, 1.16667, 5.66667], "texture": "#6"},
				"down": {"uv": [0.83333, 5.66667, 1.16667, 5.5], "texture": "#6"}
			}
		},
		{
			"name": "green_extrusion_119",
			"from": [24.99915, 0, 16.99955],
			"to": [26.99905, 0.01, 17.9995],
			"light_emission": 15,
			"rotation": {"angle": 0, "axis": "y", "origin": [-15.9988, 0, -15.9988]},
			"faces": {
				"up": {"uv": [6.83333, 5.5, 7.16667, 5.66667], "texture": "#6"},
				"down": {"uv": [6.83333, 5.66667, 7.16667, 5.5], "texture": "#6"}
			}
		},
		{
			"name": "green_extrusion_120",
			"from": [-8.99915, 0, 17.9995],
			"to": [-6.99925, 0.01, 18.99945],
			"light_emission": 15,
			"rotation": {"angle": 0, "axis": "y", "origin": [-15.9988, 0, -15.9988]},
			"faces": {
				"up": {"uv": [1.16667, 5.66667, 1.5, 5.83333], "texture": "#6"},
				"down": {"uv": [1.16667, 5.83333, 1.5, 5.66667], "texture": "#6"}
			}
		},
		{
			"name": "green_extrusion_121",
			"from": [-3.9994, 0, 17.9995],
			"to": [-1.9995, 0.01, 18.99945],
			"light_emission": 15,
			"rotation": {"angle": 0, "axis": "y", "origin": [-15.9988, 0, -15.9988]},
			"faces": {
				"up": {"uv": [2, 5.66667, 2.33333, 5.83333], "texture": "#6"},
				"down": {"uv": [2, 5.83333, 2.33333, 5.66667], "texture": "#6"}
			}
		},
		{
			"name": "green_extrusion_122",
			"from": [17.9995, 0, 17.9995],
			"to": [19.9994, 0.01, 18.99945],
			"light_emission": 15,
			"rotation": {"angle": 0, "axis": "y", "origin": [-15.9988, 0, -15.9988]},
			"faces": {
				"up": {"uv": [5.66667, 5.66667, 6, 5.83333], "texture": "#6"},
				"down": {"uv": [5.66667, 5.83333, 6, 5.66667], "texture": "#6"}
			}
		},
		{
			"name": "green_extrusion_123",
			"from": [22.99925, 0, 17.9995],
			"to": [24.99915, 0.01, 18.99945],
			"light_emission": 15,
			"rotation": {"angle": 0, "axis": "y", "origin": [-15.9988, 0, -15.9988]},
			"faces": {
				"up": {"uv": [6.5, 5.66667, 6.83333, 5.83333], "texture": "#6"},
				"down": {"uv": [6.5, 5.83333, 6.83333, 5.66667], "texture": "#6"}
			}
		},
		{
			"name": "green_extrusion_124",
			"from": [-11.999, 0, 18.99945],
			"to": [-10.99905, 0.01, 19.9994],
			"light_emission": 15,
			"rotation": {"angle": 0, "axis": "y", "origin": [-15.9988, 0, -15.9988]},
			"faces": {
				"up": {"uv": [0.66667, 5.83333, 0.83333, 6], "texture": "#6"},
				"down": {"uv": [0.66667, 6, 0.83333, 5.83333], "texture": "#6"}
			}
		},
		{
			"name": "green_extrusion_125",
			"from": [-6.99925, 0, 18.99945],
			"to": [-5.9993, 0.01, 20.99935],
			"light_emission": 15,
			"rotation": {"angle": 0, "axis": "y", "origin": [-15.9988, 0, -15.9988]},
			"faces": {
				"up": {"uv": [1.5, 5.83333, 1.66667, 6.16667], "texture": "#6"},
				"down": {"uv": [1.5, 6.16667, 1.66667, 5.83333], "texture": "#6"}
			}
		},
		{
			"name": "green_extrusion_126",
			"from": [-4.99935, 0, 18.99945],
			"to": [-3.9994, 0.01, 20.99935],
			"light_emission": 15,
			"rotation": {"angle": 0, "axis": "y", "origin": [-15.9988, 0, -15.9988]},
			"faces": {
				"up": {"uv": [1.83333, 5.83333, 2, 6.16667], "texture": "#6"},
				"down": {"uv": [1.83333, 6.16667, 2, 5.83333], "texture": "#6"}
			}
		},
		{
			"name": "green_extrusion_127",
			"from": [-2.99945, 0, 18.99945],
			"to": [-1.9995, 0.01, 19.9994],
			"light_emission": 15,
			"rotation": {"angle": 0, "axis": "y", "origin": [-15.9988, 0, -15.9988]},
			"faces": {
				"up": {"uv": [2.16667, 5.83333, 2.33333, 6], "texture": "#6"},
				"down": {"uv": [2.16667, 6, 2.33333, 5.83333], "texture": "#6"}
			}
		},
		{
			"name": "green_extrusion_128",
			"from": [17.9995, 0, 18.99945],
			"to": [18.99945, 0.01, 19.9994],
			"light_emission": 15,
			"rotation": {"angle": 0, "axis": "y", "origin": [-15.9988, 0, -15.9988]},
			"faces": {
				"up": {"uv": [5.66667, 5.83333, 5.83333, 6], "texture": "#6"},
				"down": {"uv": [5.66667, 6, 5.83333, 5.83333], "texture": "#6"}
			}
		},
		{
			"name": "green_extrusion_129",
			"from": [19.9994, 0, 18.99945],
			"to": [20.99935, 0.01, 20.99935],
			"light_emission": 15,
			"rotation": {"angle": 0, "axis": "y", "origin": [-15.9988, 0, -15.9988]},
			"faces": {
				"up": {"uv": [6, 5.83333, 6.16667, 6.16667], "texture": "#6"},
				"down": {"uv": [6, 6.16667, 6.16667, 5.83333], "texture": "#6"}
			}
		},
		{
			"name": "green_extrusion_130",
			"from": [21.9993, 0, 18.99945],
			"to": [22.99925, 0.01, 20.99935],
			"light_emission": 15,
			"rotation": {"angle": 0, "axis": "y", "origin": [-15.9988, 0, -15.9988]},
			"faces": {
				"up": {"uv": [6.33333, 5.83333, 6.5, 6.16667], "texture": "#6"},
				"down": {"uv": [6.33333, 6.16667, 6.5, 5.83333], "texture": "#6"}
			}
		},
		{
			"name": "green_extrusion_131",
			"from": [26.99905, 0, 18.99945],
			"to": [27.999, 0.01, 19.9994],
			"light_emission": 15,
			"rotation": {"angle": 0, "axis": "y", "origin": [-15.9988, 0, -15.9988]},
			"faces": {
				"up": {"uv": [7.16667, 5.83333, 7.33333, 6], "texture": "#6"},
				"down": {"uv": [7.16667, 6, 7.33333, 5.83333], "texture": "#6"}
			}
		},
		{
			"name": "green_extrusion_132",
			"from": [-10.99905, 0, 19.9994],
			"to": [-9.9991, 0.01, 22.99925],
			"light_emission": 15,
			"rotation": {"angle": 0, "axis": "y", "origin": [-15.9988, 0, -15.9988]},
			"faces": {
				"up": {"uv": [0.83333, 6, 1, 6.5], "texture": "#6"},
				"down": {"uv": [0.83333, 6.5, 1, 6], "texture": "#6"}
			}
		},
		{
			"name": "green_extrusion_133",
			"from": [-8.99915, 0, 19.9994],
			"to": [-7.9992, 0.01, 20.99935],
			"light_emission": 15,
			"rotation": {"angle": 0, "axis": "y", "origin": [-15.9988, 0, -15.9988]},
			"faces": {
				"up": {"uv": [1.16667, 6, 1.33333, 6.16667], "texture": "#6"},
				"down": {"uv": [1.16667, 6.16667, 1.33333, 6], "texture": "#6"}
			}
		},
		{
			"name": "green_extrusion_134",
			"from": [-3.9994, 0, 19.9994],
			"to": [-2.99945, 0.01, 20.99935],
			"light_emission": 15,
			"rotation": {"angle": 0, "axis": "y", "origin": [-15.9988, 0, -15.9988]},
			"faces": {
				"up": {"uv": [2, 6, 2.16667, 6.16667], "texture": "#6"},
				"down": {"uv": [2, 6.16667, 2.16667, 6], "texture": "#6"}
			}
		},
		{
			"name": "green_extrusion_135",
			"from": [18.99945, 0, 19.9994],
			"to": [19.9994, 0.01, 20.99935],
			"light_emission": 15,
			"rotation": {"angle": 0, "axis": "y", "origin": [-15.9988, 0, -15.9988]},
			"faces": {
				"up": {"uv": [5.83333, 6, 6, 6.16667], "texture": "#6"},
				"down": {"uv": [5.83333, 6.16667, 6, 6], "texture": "#6"}
			}
		},
		{
			"name": "green_extrusion_136",
			"from": [23.9992, 0, 19.9994],
			"to": [24.99915, 0.01, 20.99935],
			"light_emission": 15,
			"rotation": {"angle": 0, "axis": "y", "origin": [-15.9988, 0, -15.9988]},
			"faces": {
				"up": {"uv": [6.66667, 6, 6.83333, 6.16667], "texture": "#6"},
				"down": {"uv": [6.66667, 6.16667, 6.83333, 6], "texture": "#6"}
			}
		},
		{
			"name": "green_extrusion_137",
			"from": [25.9991, 0, 19.9994],
			"to": [26.99905, 0.01, 22.99925],
			"light_emission": 15,
			"rotation": {"angle": 0, "axis": "y", "origin": [-15.9988, 0, -15.9988]},
			"faces": {
				"up": {"uv": [7, 6, 7.16667, 6.5], "texture": "#6"},
				"down": {"uv": [7, 6.5, 7.16667, 6], "texture": "#6"}
			}
		},
		{
			"name": "green_extrusion_138",
			"from": [-7.9992, 0, 20.99935],
			"to": [-6.99925, 0.01, 21.9993],
			"light_emission": 15,
			"rotation": {"angle": 0, "axis": "y", "origin": [-15.9988, 0, -15.9988]},
			"faces": {
				"up": {"uv": [1.33333, 6.16667, 1.5, 6.33333], "texture": "#6"},
				"down": {"uv": [1.33333, 6.33333, 1.5, 6.16667], "texture": "#6"}
			}
		},
		{
			"name": "green_extrusion_139",
			"from": [22.99925, 0, 20.99935],
			"to": [23.9992, 0.01, 21.9993],
			"light_emission": 15,
			"rotation": {"angle": 0, "axis": "y", "origin": [-15.9988, 0, -15.9988]},
			"faces": {
				"up": {"uv": [6.5, 6.16667, 6.66667, 6.33333], "texture": "#6"},
				"down": {"uv": [6.5, 6.33333, 6.66667, 6.16667], "texture": "#6"}
			}
		},
		{
			"name": "green_extrusion_140",
			"from": [-9.9991, 0, 21.9993],
			"to": [-8.99915, 0.01, 22.99925],
			"light_emission": 15,
			"rotation": {"angle": 0, "axis": "y", "origin": [-15.9988, 0, -15.9988]},
			"faces": {
				"up": {"uv": [1, 6.33333, 1.16667, 6.5], "texture": "#6"},
				"down": {"uv": [1, 6.5, 1.16667, 6.33333], "texture": "#6"}
			}
		},
		{
			"name": "green_extrusion_141",
			"from": [-4.99935, 0, 21.9993],
			"to": [-2.99945, 0.01, 22.99925],
			"light_emission": 15,
			"rotation": {"angle": 0, "axis": "y", "origin": [-15.9988, 0, -15.9988]},
			"faces": {
				"up": {"uv": [1.83333, 6.33333, 2.16667, 6.5], "texture": "#6"},
				"down": {"uv": [1.83333, 6.5, 2.16667, 6.33333], "texture": "#6"}
			}
		},
		{
			"name": "green_extrusion_142",
			"from": [7.00005, 0, 21.9993],
			"to": [8.99995, 0.01, 22.99925],
			"light_emission": 15,
			"rotation": {"angle": 0, "axis": "y", "origin": [-15.9988, 0, -15.9988]},
			"faces": {
				"up": {"uv": [3.83333, 6.33333, 4.16667, 6.5], "texture": "#6"},
				"down": {"uv": [3.83333, 6.5, 4.16667, 6.33333], "texture": "#6"}
			}
		},
		{
			"name": "green_extrusion_143",
			"from": [18.99945, 0, 21.9993],
			"to": [20.99935, 0.01, 22.99925],
			"light_emission": 15,
			"rotation": {"angle": 0, "axis": "y", "origin": [-15.9988, 0, -15.9988]},
			"faces": {
				"up": {"uv": [5.83333, 6.33333, 6.16667, 6.5], "texture": "#6"},
				"down": {"uv": [5.83333, 6.5, 6.16667, 6.33333], "texture": "#6"}
			}
		},
		{
			"name": "green_extrusion_144",
			"from": [24.99915, 0, 21.9993],
			"to": [25.9991, 0.01, 22.99925],
			"light_emission": 15,
			"rotation": {"angle": 0, "axis": "y", "origin": [-15.9988, 0, -15.9988]},
			"faces": {
				"up": {"uv": [6.83333, 6.33333, 7, 6.5], "texture": "#6"},
				"down": {"uv": [6.83333, 6.5, 7, 6.33333], "texture": "#6"}
			}
		},
		{
			"name": "green_extrusion_145",
			"from": [-11.999, 0, 22.99925],
			"to": [-10.99905, 0.01, 23.9992],
			"light_emission": 15,
			"rotation": {"angle": 0, "axis": "y", "origin": [-15.9988, 0, -15.9988]},
			"faces": {
				"up": {"uv": [0.66667, 6.5, 0.83333, 6.66667], "texture": "#6"},
				"down": {"uv": [0.66667, 6.66667, 0.83333, 6.5], "texture": "#6"}
			}
		},
		{
			"name": "green_extrusion_146",
			"from": [-8.99915, 0, 22.99925],
			"to": [-6.99925, 0.01, 23.9992],
			"light_emission": 15,
			"rotation": {"angle": 0, "axis": "y", "origin": [-15.9988, 0, -15.9988]},
			"faces": {
				"up": {"uv": [1.16667, 6.5, 1.5, 6.66667], "texture": "#6"},
				"down": {"uv": [1.16667, 6.66667, 1.5, 6.5], "texture": "#6"}
			}
		},
		{
			"name": "green_extrusion_147",
			"from": [-5.9993, 0, 22.99925],
			"to": [-4.99935, 0.01, 23.9992],
			"light_emission": 15,
			"rotation": {"angle": 0, "axis": "y", "origin": [-15.9988, 0, -15.9988]},
			"faces": {
				"up": {"uv": [1.66667, 6.5, 1.83333, 6.66667], "texture": "#6"},
				"down": {"uv": [1.66667, 6.66667, 1.83333, 6.5], "texture": "#6"}
			}
		},
		{
			"name": "green_extrusion_148",
			"from": [-2.99945, 0, 22.99925],
			"to": [-1.9995, 0.01, 24.99915],
			"light_emission": 15,
			"rotation": {"angle": 0, "axis": "y", "origin": [-15.9988, 0, -15.9988]},
			"faces": {
				"up": {"uv": [2.16667, 6.5, 2.33333, 6.83333], "texture": "#6"},
				"down": {"uv": [2.16667, 6.83333, 2.33333, 6.5], "texture": "#6"}
			}
		},
		{
			"name": "green_extrusion_149",
			"from": [6.0001, 0, 22.99925],
			"to": [7.00005, 0.01, 23.9992],
			"light_emission": 15,
			"rotation": {"angle": 0, "axis": "y", "origin": [-15.9988, 0, -15.9988]},
			"faces": {
				"up": {"uv": [3.66667, 6.5, 3.83333, 6.66667], "texture": "#6"},
				"down": {"uv": [3.66667, 6.66667, 3.83333, 6.5], "texture": "#6"}
			}
		},
		{
			"name": "green_extrusion_150",
			"from": [8.99995, 0, 22.99925],
			"to": [9.9999, 0.01, 23.9992],
			"light_emission": 15,
			"rotation": {"angle": 0, "axis": "y", "origin": [-15.9988, 0, -15.9988]},
			"faces": {
				"up": {"uv": [4.16667, 6.5, 4.33333, 6.66667], "texture": "#6"},
				"down": {"uv": [4.16667, 6.66667, 4.33333, 6.5], "texture": "#6"}
			}
		},
		{
			"name": "green_extrusion_151",
			"from": [17.9995, 0, 22.99925],
			"to": [18.99945, 0.01, 24.99915],
			"light_emission": 15,
			"rotation": {"angle": 0, "axis": "y", "origin": [-15.9988, 0, -15.9988]},
			"faces": {
				"up": {"uv": [5.66667, 6.5, 5.83333, 6.83333], "texture": "#6"},
				"down": {"uv": [5.66667, 6.83333, 5.83333, 6.5], "texture": "#6"}
			}
		},
		{
			"name": "green_extrusion_152",
			"from": [20.99935, 0, 22.99925],
			"to": [21.9993, 0.01, 23.9992],
			"light_emission": 15,
			"rotation": {"angle": 0, "axis": "y", "origin": [-15.9988, 0, -15.9988]},
			"faces": {
				"up": {"uv": [6.16667, 6.5, 6.33333, 6.66667], "texture": "#6"},
				"down": {"uv": [6.16667, 6.66667, 6.33333, 6.5], "texture": "#6"}
			}
		},
		{
			"name": "green_extrusion_153",
			"from": [22.99925, 0, 22.99925],
			"to": [24.99915, 0.01, 23.9992],
			"light_emission": 15,
			"rotation": {"angle": 0, "axis": "y", "origin": [-15.9988, 0, -15.9988]},
			"faces": {
				"up": {"uv": [6.5, 6.5, 6.83333, 6.66667], "texture": "#6"},
				"down": {"uv": [6.5, 6.66667, 6.83333, 6.5], "texture": "#6"}
			}
		},
		{
			"name": "green_extrusion_154",
			"from": [26.99905, 0, 22.99925],
			"to": [27.999, 0.01, 23.9992],
			"light_emission": 15,
			"rotation": {"angle": 0, "axis": "y", "origin": [-15.9988, 0, -15.9988]},
			"faces": {
				"up": {"uv": [7.16667, 6.5, 7.33333, 6.66667], "texture": "#6"},
				"down": {"uv": [7.16667, 6.66667, 7.33333, 6.5], "texture": "#6"}
			}
		},
		{
			"name": "green_extrusion_155",
			"from": [-10.99905, 0, 23.9992],
			"to": [-8.99915, 0.01, 24.99915],
			"light_emission": 15,
			"rotation": {"angle": 0, "axis": "y", "origin": [-15.9988, 0, -15.9988]},
			"faces": {
				"up": {"uv": [0.83333, 6.66667, 1.16667, 6.83333], "texture": "#6"},
				"down": {"uv": [0.83333, 6.83333, 1.16667, 6.66667], "texture": "#6"}
			}
		},
		{
			"name": "green_extrusion_156",
			"from": [-7.9992, 0, 23.9992],
			"to": [-6.99925, 0.01, 24.99915],
			"light_emission": 15,
			"rotation": {"angle": 0, "axis": "y", "origin": [-15.9988, 0, -15.9988]},
			"faces": {
				"up": {"uv": [1.33333, 6.66667, 1.5, 6.83333], "texture": "#6"},
				"down": {"uv": [1.33333, 6.83333, 1.5, 6.66667], "texture": "#6"}
			}
		},
		{
			"name": "green_extrusion_157",
			"from": [-4.99935, 0, 23.9992],
			"to": [-3.9994, 0.01, 24.99915],
			"light_emission": 15,
			"rotation": {"angle": 0, "axis": "y", "origin": [-15.9988, 0, -15.9988]},
			"faces": {
				"up": {"uv": [1.83333, 6.66667, 2, 6.83333], "texture": "#6"},
				"down": {"uv": [1.83333, 6.83333, 2, 6.66667], "texture": "#6"}
			}
		},
		{
			"name": "green_extrusion_158",
			"from": [7.00005, 0, 23.9992],
			"to": [8.99995, 0.01, 24.99915],
			"light_emission": 15,
			"rotation": {"angle": 0, "axis": "y", "origin": [-15.9988, 0, -15.9988]},
			"faces": {
				"up": {"uv": [3.83333, 6.66667, 4.16667, 6.83333], "texture": "#6"},
				"down": {"uv": [3.83333, 6.83333, 4.16667, 6.66667], "texture": "#6"}
			}
		},
		{
			"name": "green_extrusion_159",
			"from": [19.9994, 0, 23.9992],
			"to": [20.99935, 0.01, 24.99915],
			"light_emission": 15,
			"rotation": {"angle": 0, "axis": "y", "origin": [-15.9988, 0, -15.9988]},
			"faces": {
				"up": {"uv": [6, 6.66667, 6.16667, 6.83333], "texture": "#6"},
				"down": {"uv": [6, 6.83333, 6.16667, 6.66667], "texture": "#6"}
			}
		},
		{
			"name": "green_extrusion_160",
			"from": [22.99925, 0, 23.9992],
			"to": [23.9992, 0.01, 24.99915],
			"light_emission": 15,
			"rotation": {"angle": 0, "axis": "y", "origin": [-15.9988, 0, -15.9988]},
			"faces": {
				"up": {"uv": [6.5, 6.66667, 6.66667, 6.83333], "texture": "#6"},
				"down": {"uv": [6.5, 6.83333, 6.66667, 6.66667], "texture": "#6"}
			}
		},
		{
			"name": "green_extrusion_161",
			"from": [24.99915, 0, 23.9992],
			"to": [26.99905, 0.01, 24.99915],
			"light_emission": 15,
			"rotation": {"angle": 0, "axis": "y", "origin": [-15.9988, 0, -15.9988]},
			"faces": {
				"up": {"uv": [6.83333, 6.66667, 7.16667, 6.83333], "texture": "#6"},
				"down": {"uv": [6.83333, 6.83333, 7.16667, 6.66667], "texture": "#6"}
			}
		},
		{
			"name": "green_extrusion_162",
			"from": [-8.99915, 0, 24.99915],
			"to": [-7.9992, 0.01, 26.99905],
			"light_emission": 15,
			"rotation": {"angle": 0, "axis": "y", "origin": [-15.9988, 0, -15.9988]},
			"faces": {
				"up": {"uv": [1.16667, 6.83333, 1.33333, 7.16667], "texture": "#6"},
				"down": {"uv": [1.16667, 7.16667, 1.33333, 6.83333], "texture": "#6"}
			}
		},
		{
			"name": "green_extrusion_163",
			"from": [-6.99925, 0, 24.99915],
			"to": [-5.9993, 0.01, 26.99905],
			"light_emission": 15,
			"rotation": {"angle": 0, "axis": "y", "origin": [-15.9988, 0, -15.9988]},
			"faces": {
				"up": {"uv": [1.5, 6.83333, 1.66667, 7.16667], "texture": "#6"},
				"down": {"uv": [1.5, 7.16667, 1.66667, 6.83333], "texture": "#6"}
			}
		},
		{
			"name": "green_extrusion_164",
			"from": [-1.9995, 0, 24.99915],
			"to": [-0.99955, 0.01, 26.99905],
			"light_emission": 15,
			"rotation": {"angle": 0, "axis": "y", "origin": [-15.9988, 0, -15.9988]},
			"faces": {
				"up": {"uv": [2.33333, 6.83333, 2.5, 7.16667], "texture": "#6"},
				"down": {"uv": [2.33333, 7.16667, 2.5, 6.83333], "texture": "#6"}
			}
		},
		{
			"name": "green_extrusion_165",
			"from": [4.0002, 0, 24.99915],
			"to": [6.0001, 0.01, 25.9991],
			"light_emission": 15,
			"rotation": {"angle": 0, "axis": "y", "origin": [-15.9988, 0, -15.9988]},
			"faces": {
				"up": {"uv": [3.33333, 6.83333, 3.66667, 7], "texture": "#6"},
				"down": {"uv": [3.33333, 7, 3.66667, 6.83333], "texture": "#6"}
			}
		},
		{
			"name": "green_extrusion_166",
			"from": [9.9999, 0, 24.99915],
			"to": [11.9998, 0.01, 25.9991],
			"light_emission": 15,
			"rotation": {"angle": 0, "axis": "y", "origin": [-15.9988, 0, -15.9988]},
			"faces": {
				"up": {"uv": [4.33333, 6.83333, 4.66667, 7], "texture": "#6"},
				"down": {"uv": [4.33333, 7, 4.66667, 6.83333], "texture": "#6"}
			}
		},
		{
			"name": "green_extrusion_167",
			"from": [16.99955, 0, 24.99915],
			"to": [17.9995, 0.01, 26.99905],
			"light_emission": 15,
			"rotation": {"angle": 0, "axis": "y", "origin": [-15.9988, 0, -15.9988]},
			"faces": {
				"up": {"uv": [5.5, 6.83333, 5.66667, 7.16667], "texture": "#6"},
				"down": {"uv": [5.5, 7.16667, 5.66667, 6.83333], "texture": "#6"}
			}
		},
		{
			"name": "green_extrusion_168",
			"from": [21.9993, 0, 24.99915],
			"to": [22.99925, 0.01, 26.99905],
			"light_emission": 15,
			"rotation": {"angle": 0, "axis": "y", "origin": [-15.9988, 0, -15.9988]},
			"faces": {
				"up": {"uv": [6.33333, 6.83333, 6.5, 7.16667], "texture": "#6"},
				"down": {"uv": [6.33333, 7.16667, 6.5, 6.83333], "texture": "#6"}
			}
		},
		{
			"name": "green_extrusion_169",
			"from": [23.9992, 0, 24.99915],
			"to": [24.99915, 0.01, 26.99905],
			"light_emission": 15,
			"rotation": {"angle": 0, "axis": "y", "origin": [-15.9988, 0, -15.9988]},
			"faces": {
				"up": {"uv": [6.66667, 6.83333, 6.83333, 7.16667], "texture": "#6"},
				"down": {"uv": [6.66667, 7.16667, 6.83333, 6.83333], "texture": "#6"}
			}
		},
		{
			"name": "green_extrusion_170",
			"from": [-5.9993, 0, 25.9991],
			"to": [-3.9994, 0.01, 26.99905],
			"light_emission": 15,
			"rotation": {"angle": 0, "axis": "y", "origin": [-15.9988, 0, -15.9988]},
			"faces": {
				"up": {"uv": [1.66667, 7, 2, 7.16667], "texture": "#6"},
				"down": {"uv": [1.66667, 7.16667, 2, 7], "texture": "#6"}
			}
		},
		{
			"name": "green_extrusion_171",
			"from": [3.00025, 0, 25.9991],
			"to": [4.0002, 0.01, 26.99905],
			"light_emission": 15,
			"rotation": {"angle": 0, "axis": "y", "origin": [-15.9988, 0, -15.9988]},
			"faces": {
				"up": {"uv": [3.16667, 7, 3.33333, 7.16667], "texture": "#6"},
				"down": {"uv": [3.16667, 7.16667, 3.33333, 7], "texture": "#6"}
			}
		},
		{
			"name": "green_extrusion_172",
			"from": [6.0001, 0, 25.9991],
			"to": [7.00005, 0.01, 27.999],
			"light_emission": 15,
			"rotation": {"angle": 0, "axis": "y", "origin": [-15.9988, 0, -15.9988]},
			"faces": {
				"up": {"uv": [3.66667, 7, 3.83333, 7.33333], "texture": "#6"},
				"down": {"uv": [3.66667, 7.33333, 3.83333, 7], "texture": "#6"}
			}
		},
		{
			"name": "green_extrusion_173",
			"from": [8.99995, 0, 25.9991],
			"to": [9.9999, 0.01, 27.999],
			"light_emission": 15,
			"rotation": {"angle": 0, "axis": "y", "origin": [-15.9988, 0, -15.9988]},
			"faces": {
				"up": {"uv": [4.16667, 7, 4.33333, 7.33333], "texture": "#6"},
				"down": {"uv": [4.16667, 7.33333, 4.33333, 7], "texture": "#6"}
			}
		},
		{
			"name": "green_extrusion_174",
			"from": [11.9998, 0, 25.9991],
			"to": [12.99975, 0.01, 26.99905],
			"light_emission": 15,
			"rotation": {"angle": 0, "axis": "y", "origin": [-15.9988, 0, -15.9988]},
			"faces": {
				"up": {"uv": [4.66667, 7, 4.83333, 7.16667], "texture": "#6"},
				"down": {"uv": [4.66667, 7.16667, 4.83333, 7], "texture": "#6"}
			}
		},
		{
			"name": "green_extrusion_175",
			"from": [19.9994, 0, 25.9991],
			"to": [21.9993, 0.01, 26.99905],
			"light_emission": 15,
			"rotation": {"angle": 0, "axis": "y", "origin": [-15.9988, 0, -15.9988]},
			"faces": {
				"up": {"uv": [6, 7, 6.33333, 7.16667], "texture": "#6"},
				"down": {"uv": [6, 7.16667, 6.33333, 7], "texture": "#6"}
			}
		},
		{
			"name": "green_extrusion_176",
			"from": [-7.9992, 0, 26.99905],
			"to": [-6.99925, 0.01, 27.999],
			"light_emission": 15,
			"rotation": {"angle": 0, "axis": "y", "origin": [-15.9988, 0, -15.9988]},
			"faces": {
				"up": {"uv": [1.33333, 7.16667, 1.5, 7.33333], "texture": "#6"},
				"down": {"uv": [1.33333, 7.33333, 1.5, 7.16667], "texture": "#6"}
			}
		},
		{
			"name": "green_extrusion_177",
			"from": [-3.9994, 0, 26.99905],
			"to": [-2.99945, 0.01, 27.999],
			"light_emission": 15,
			"rotation": {"angle": 0, "axis": "y", "origin": [-15.9988, 0, -15.9988]},
			"faces": {
				"up": {"uv": [2, 7.16667, 2.16667, 7.33333], "texture": "#6"},
				"down": {"uv": [2, 7.33333, 2.16667, 7.16667], "texture": "#6"}
			}
		},
		{
			"name": "green_extrusion_178",
			"from": [-0.99955, 0, 26.99905],
			"to": [0.0004, 0.01, 27.999],
			"light_emission": 15,
			"rotation": {"angle": 0, "axis": "y", "origin": [-15.9988, 0, -15.9988]},
			"faces": {
				"up": {"uv": [2.5, 7.16667, 2.66667, 7.33333], "texture": "#6"},
				"down": {"uv": [2.5, 7.33333, 2.66667, 7.16667], "texture": "#6"}
			}
		},
		{
			"name": "green_extrusion_179",
			"from": [15.9996, 0, 26.99905],
			"to": [16.99955, 0.01, 27.999],
			"light_emission": 15,
			"rotation": {"angle": 0, "axis": "y", "origin": [-15.9988, 0, -15.9988]},
			"faces": {
				"up": {"uv": [5.33333, 7.16667, 5.5, 7.33333], "texture": "#6"},
				"down": {"uv": [5.33333, 7.33333, 5.5, 7.16667], "texture": "#6"}
			}
		},
		{
			"name": "green_extrusion_180",
			"from": [18.99945, 0, 26.99905],
			"to": [19.9994, 0.01, 27.999],
			"light_emission": 15,
			"rotation": {"angle": 0, "axis": "y", "origin": [-15.9988, 0, -15.9988]},
			"faces": {
				"up": {"uv": [5.83333, 7.16667, 6, 7.33333], "texture": "#6"},
				"down": {"uv": [5.83333, 7.33333, 6, 7.16667], "texture": "#6"}
			}
		},
		{
			"name": "green_extrusion_181",
			"from": [22.99925, 0, 26.99905],
			"to": [23.9992, 0.01, 27.999],
			"light_emission": 15,
			"rotation": {"angle": 0, "axis": "y", "origin": [-15.9988, 0, -15.9988]},
			"faces": {
				"up": {"uv": [6.5, 7.16667, 6.66667, 7.33333], "texture": "#6"},
				"down": {"uv": [6.5, 7.33333, 6.66667, 7.16667], "texture": "#6"}
			}
		},
		{
			"name": "green_extrusion_182",
			"from": [0.0004, 0, 27.999],
			"to": [2.0003, 0.01, 28.99895],
			"light_emission": 15,
			"rotation": {"angle": 0, "axis": "y", "origin": [-15.9988, 0, -15.9988]},
			"faces": {
				"up": {"uv": [2.66667, 7.33333, 3, 7.5], "texture": "#6"},
				"down": {"uv": [2.66667, 7.5, 3, 7.33333], "texture": "#6"}
			}
		},
		{
			"name": "green_extrusion_183",
			"from": [5.00015, 0, 27.999],
			"to": [6.0001, 0.01, 28.99895],
			"light_emission": 15,
			"rotation": {"angle": 0, "axis": "y", "origin": [-15.9988, 0, -15.9988]},
			"faces": {
				"up": {"uv": [3.5, 7.33333, 3.66667, 7.5], "texture": "#6"},
				"down": {"uv": [3.5, 7.5, 3.66667, 7.33333], "texture": "#6"}
			}
		},
		{
			"name": "green_extrusion_184",
			"from": [9.9999, 0, 27.999],
			"to": [10.99985, 0.01, 28.99895],
			"light_emission": 15,
			"rotation": {"angle": 0, "axis": "y", "origin": [-15.9988, 0, -15.9988]},
			"faces": {
				"up": {"uv": [4.33333, 7.33333, 4.5, 7.5], "texture": "#6"},
				"down": {"uv": [4.33333, 7.5, 4.5, 7.33333], "texture": "#6"}
			}
		},
		{
			"name": "green_extrusion_185",
			"from": [13.9997, 0, 27.999],
			"to": [15.9996, 0.01, 28.99895],
			"light_emission": 15,
			"rotation": {"angle": 0, "axis": "y", "origin": [-15.9988, 0, -15.9988]},
			"faces": {
				"up": {"uv": [5, 7.33333, 5.33333, 7.5], "texture": "#6"},
				"down": {"uv": [5, 7.5, 5.33333, 7.33333], "texture": "#6"}
			}
		},
		{
			"name": "green_extrusion_186",
			"from": [2.0003, 0, 28.99895],
			"to": [5.00015, 0.01, 29.9989],
			"light_emission": 15,
			"rotation": {"angle": 0, "axis": "y", "origin": [-15.9988, 0, -15.9988]},
			"faces": {
				"up": {"uv": [3, 7.5, 3.5, 7.66667], "texture": "#6"},
				"down": {"uv": [3, 7.66667, 3.5, 7.5], "texture": "#6"}
			}
		},
		{
			"name": "green_extrusion_187",
			"from": [7.00005, 0, 28.99895],
			"to": [8.99995, 0.01, 29.9989],
			"light_emission": 15,
			"rotation": {"angle": 0, "axis": "y", "origin": [-15.9988, 0, -15.9988]},
			"faces": {
				"up": {"uv": [3.83333, 7.5, 4.16667, 7.66667], "texture": "#6"},
				"down": {"uv": [3.83333, 7.66667, 4.16667, 7.5], "texture": "#6"}
			}
		},
		{
			"name": "green_extrusion_188",
			"from": [10.99985, 0, 28.99895],
			"to": [13.9997, 0.01, 29.9989],
			"light_emission": 15,
			"rotation": {"angle": 0, "axis": "y", "origin": [-15.9988, 0, -15.9988]},
			"faces": {
				"up": {"uv": [4.5, 7.5, 5, 7.66667], "texture": "#6"},
				"down": {"uv": [4.5, 7.66667, 5, 7.5], "texture": "#6"}
			}
		},
		{
			"name": "green_extrusion_189",
			"from": [6.0001, 0, 29.9989],
			"to": [7.00005, 0.01, 30.99885],
			"light_emission": 15,
			"rotation": {"angle": 0, "axis": "y", "origin": [-15.9988, 0, -15.9988]},
			"faces": {
				"up": {"uv": [3.66667, 7.66667, 3.83333, 7.83333], "texture": "#6"},
				"down": {"uv": [3.66667, 7.83333, 3.83333, 7.66667], "texture": "#6"}
			}
		},
		{
			"name": "green_extrusion_190",
			"from": [8.99995, 0, 29.9989],
			"to": [9.9999, 0.01, 30.99885],
			"light_emission": 15,
			"rotation": {"angle": 0, "axis": "y", "origin": [-15.9988, 0, -15.9988]},
			"faces": {
				"up": {"uv": [4.16667, 7.66667, 4.33333, 7.83333], "texture": "#6"},
				"down": {"uv": [4.16667, 7.83333, 4.33333, 7.66667], "texture": "#6"}
			}
		},
		{
			"name": "green_extrusion_191",
			"from": [7.00005, 0, 30.99885],
			"to": [8.99995, 0.01, 31.9988],
			"light_emission": 15,
			"rotation": {"angle": 0, "axis": "y", "origin": [-15.9988, 0, -15.9988]},
			"faces": {
				"up": {"uv": [3.83333, 7.83333, 4.16667, 8], "texture": "#6"},
				"down": {"uv": [3.83333, 8, 4.16667, 7.83333], "texture": "#6"}
			}
		}
	],
	"groups": [
		0,
		{
			"name": "green_extrusion",
			"origin": [8, 0.49998, 8.02604],
			"color": 0,
			"children": [
				1,
				2,
				3,
				4,
				5,
				6,
				7,
				8,
				9,
				10,
				11,
				12,
				13,
				14,
				15,
				16,
				17,
				18,
				19,
				20,
				21,
				22,
				23,
				24,
				25,
				26,
				27,
				28,
				29,
				30,
				31,
				32,
				33,
				34,
				35,
				36,
				37,
				38,
				39,
				40,
				41,
				42,
				43,
				44,
				45,
				46,
				47,
				48,
				49,
				50,
				51,
				52,
				53,
				54,
				55,
				56,
				57,
				58,
				59,
				60,
				61,
				62,
				63,
				64,
				65,
				66,
				67,
				68,
				69,
				70,
				71,
				72,
				73,
				74,
				75,
				76,
				77,
				78,
				79,
				80,
				81,
				82,
				83,
				84,
				85,
				86,
				87,
				88,
				89,
				90,
				91,
				92,
				93,
				94,
				95,
				96,
				97,
				98,
				99,
				100,
				101,
				102,
				103,
				104,
				105,
				106,
				107,
				108,
				109,
				110,
				111,
				112,
				113,
				114,
				115,
				116,
				117,
				118,
				119,
				120,
				121,
				122,
				123,
				124,
				125,
				126,
				127,
				128,
				129,
				130,
				131,
				132,
				133,
				134,
				135,
				136,
				137,
				138,
				139,
				140,
				141,
				142,
				143,
				144,
				145,
				146,
				147,
				148,
				149,
				150,
				151,
				152,
				153,
				154,
				155,
				156,
				157,
				158,
				159,
				160,
				161,
				162,
				163,
				164,
				165,
				166,
				167,
				168,
				169,
				170,
				171,
				172,
				173,
				174,
				175,
				176,
				177,
				178,
				179,
				180,
				181,
				182,
				183,
				184,
				185,
				186,
				187,
				188,
				189,
				190,
				191,
				192
			]
		}
	]
}