{
  "particle_emitters": [
     {
       "particle": "minecraft:flame",
       "chance": "0.2",
       "x": "(cos(TIME)+0.5)-1.35", 
       "z": "(cos(TIME)+0.5)-0.4",
       "y": "0.1",
       "dx": "0",
       "dy": "0.001 + rand()*0.001",
       "dz": "0"
     },
     {
       "particle": "minecraft:flame",
       "chance": "0.2",
       "x": "(cos(TIME)+0.5)+1.35", 
       "z": "(cos(TIME)+0.5)-0.4",
       "y": "0.1",
       "dx": "0",
       "dy": "0.001 + rand()*0.001",
       "dz": "0"
     },
     {
       "particle": "minecraft:flame",
       "chance": "0.2",
       "x": "cos(TIME)+0.5", 
       "z": "(cos(TIME)+0.5)-1.4",
       "y": "0.1",
       "dx": "0",
       "dy": "0.001 + rand()*0.001",
       "dz": "0"
     },
     {
       "particle": "minecraft:flame",
       "chance": "0.2",
       "x": "(cos(TIME)+0.5)-0.85", 
       "z": "(cos(TIME)+0.5)+1.1",
       "y": "0.1",
       "dx": "0",
       "dy": "0.001 + rand()*0.001",
       "dz": "0"
     },
     {
       "particle": "minecraft:flame",
       "chance": "0.2",
       "x": "(cos(TIME)+0.5)+0.85", 
       "z": "(cos(TIME)+0.5)+1.1",
       "y": "0.1",
       "dx": "0",
       "dy": "0.001 + rand()*0.001",
       "dz": "0"
     },
     {
       "particle": "minecraft:flame",
       "chance": "0.2",
       "x": "(cos(TIME)+0.5)-1.35", 
       "z": "(cos(TIME)+0.5)+0.4",
       "y": "0.1",
       "dx": "0",
       "dy": "0.001 + rand()*0.001",
       "dz": "0"
     },
     {
       "particle": "minecraft:flame",
       "chance": "0.2",
       "x": "(cos(TIME)+0.5)+1.35", 
       "z": "(cos(TIME)+0.5)+0.4",
       "y": "0.1",
       "dx": "0",
       "dy": "0.001 + rand()*0.001",
       "dz": "0"
     },
     {
       "particle": "minecraft:flame",
       "chance": "0.2",
       "x": "cos(TIME)+0.5", 
       "z": "(cos(TIME)+0.5)+1.4",
       "y": "0.1",
       "dx": "0",
       "dy": "0.001 + rand()*0.001",
       "dz": "0"
     },
     {
       "particle": "minecraft:flame",
       "chance": "0.2",
       "x": "(cos(TIME)+0.5)-0.85", 
       "z": "(cos(TIME)+0.5)-1.1",
       "y": "0.1",
       "dx": "0",
       "dy": "0.001 + rand()*0.001",
       "dz": "0"
     },
     {
       "particle": "minecraft:flame",
       "chance": "0.2",
       "x": "(cos(TIME)+0.5)+0.85", 
       "z": "(cos(TIME)+0.5)-1.1",
       "y": "0.1",
       "dx": "0",
       "dy": "0.001 + rand()*0.001",
       "dz": "0"
     },

     {
       "particle": "minecraft:flame",
       "chance": "0.2",
       "x": "(cos(TIME)+0.5)-0.84375", 
       "z": "(cos(TIME)+0.5)-0.25",
       "y": "0.1",
       "dx": "0",
       "dy": "0.001 + rand()*0.001",
       "dz": "0"
     },
     {
       "particle": "minecraft:flame",
       "chance": "0.2",
       "x": "(cos(TIME)+0.5)+0.84375", 
       "z": "(cos(TIME)+0.5)-0.25",
       "y": "0.1",
       "dx": "0",
       "dy": "0.001 + rand()*0.001",
       "dz": "0"
     },
     {
       "particle": "minecraft:flame",
       "chance": "0.2",
       "x": "cos(TIME)+0.5", 
       "z": "(cos(TIME)+0.5)-0.875",
       "y": "0.1",
       "dx": "0",
       "dy": "0.001 + rand()*0.001",
       "dz": "0"
     },
     {
       "particle": "minecraft:flame",
       "chance": "0.2",
       "x": "(cos(TIME)+0.5)-0.53125", 
       "z": "(cos(TIME)+0.5)+0.6875",
       "y": "0.1",
       "dx": "0",
       "dy": "0.001 + rand()*0.001",
       "dz": "0"
     },
     {
       "particle": "minecraft:flame",
       "chance": "0.2",
       "x": "(cos(TIME)+0.5)+0.53125", 
       "z": "(cos(TIME)+0.5)+0.55",
       "y": "0.1",
       "dx": "0",
       "dy": "0.001 + rand()*0.001",
       "dz": "0"
     }
  ]
}